#,Nombre,Telefono,Direccion,Email oficial,Tipo email,Sitio web,Estado sitio,Calidad web,Observacion
1,Moldar Roofing,+19564437470,"222 Frontage Rd 77/83 Ste. 159, Brownsville, TX 78521",info@moldarroofing.com,Propio (dominio de la empresa),https://moldarroofing.com/,DEAD_ERR,SITIO CAIDO / NO FUNCIONA,El sitio no carga (DEAD_ERR)
2,Reveles Roofing,+12149008930,"5101 Parry Ave, Dallas, TX 75223",info@revelesroofing.com,Propio (dominio de la empresa),http://www.revelesroofing.com/,DEAD_ERR,SITIO CAIDO / NO FUNCIONA,El sitio no carga (DEAD_ERR)
3,"South Texas Metal Roofing, Inc.",+13619374600,"2217 Flour Bluff Dr, Corpus Christi, TX 78418",info@stxmetalroofing.net,Propio (dominio de la empresa),http://www.stxmetalroofing.net/,DEAD_503,SITIO CAIDO / NO FUNCIONA,El sitio no carga (DEAD_503)
4,Diamondback Roofing & Construction,+19402492587,"509 Stesco Ave Suite B, Wichita Falls, TX 76301",diamondbackroofingconstruction@gmail.com,Propio (Gmail/Outlook de la empresa),https://www.facebook.com/p/Diamondback-Roofing-Construction-100090837393993/,ALIVE_200,SOLO REDES SOCIALES,Usa Facebook/redes como sitio web
5,"180 Roofing & Contracting, LLC",+12148144004,"3939 US-80 390 D2, Mesquite, TX 75150",info@180roofing.com,Propio (dominio de la empresa),http://180roofing.com/,ALIVE_200,SIN HTTPS (obsoleto/inseguro),"Sitio sin candado de seguridad, tecnologia vieja"
6,ABCO Roofing & Construction,+14098352226,"4990 College St, Beaumont, TX 77707",abcoroofingtx@yahoo.com,Propio (Gmail/Outlook de la empresa),http://abcoroofingtx.com/,ALIVE_200,SIN HTTPS (obsoleto/inseguro),"Sitio sin candado de seguridad, tecnologia vieja"
7,All American Siding,+19722542654,"1421 N Loop 12, Irving, TX 75061",info@allamericanroof.net,Propio (dominio de la empresa),http://www.allamericanroof.net/,ALIVE_200,SIN HTTPS (obsoleto/inseguro),"Sitio sin candado de seguridad, tecnologia vieja"
8,AR GLOBAL INC. ROOFING & CONSTRUCTION,+19038088002,"4502 Holland Ave Apt 102, Dallas, TX 75219",kason@arglobalroofing.com,Propio (dominio de la empresa),http://arglobalroofing.com/,ALIVE_200,SIN HTTPS (obsoleto/inseguro),"Sitio sin candado de seguridad, tecnologia vieja"
9,Armored Roofing Co Inc,+19403603672,"4104 Old Iowa Park Rd, Wichita Falls, TX 76305",armored@armoredroofing.com,Propio (dominio de la empresa),http://armoredroofing.com/?utm_campaign=gmb,ALIVE_200,SIN HTTPS (obsoleto/inseguro),"Sitio sin candado de seguridad, tecnologia vieja"
10,"Big ""D"" Roofing Company, Inc.",+19724958000,"131 E Buckingham Rd, Garland, TX 75040",bigdroofingco@gmail.com,Propio (Gmail/Outlook de la empresa),http://bigdroofing.com/contact_us.html,ALIVE_200,SIN HTTPS (obsoleto/inseguro),"Sitio sin candado de seguridad, tecnologia vieja"
11,Blue Eagle Roofing & Construction,+18002178110,"6420 Southwest Blvd #114, Fort Worth, TX 76109",dale@blueeaglegc.com,Propio (dominio de la empresa),http://blueeaglegc.com/,ALIVE_200,SIN HTTPS (obsoleto/inseguro),"Sitio sin candado de seguridad, tecnologia vieja"
12,"Bunton Roofing Company, L.L.C.",+13252747050,"4825 Hill St, Abilene, TX 79602",john@buntonroofing.com,Propio (dominio de la empresa),http://www.buntonroofing.com/,ALIVE_200,SIN HTTPS (obsoleto/inseguro),"Sitio sin candado de seguridad, tecnologia vieja"
13,CA Roofing,+19568660271,"118 W St Charles St, Brownsville, TX 78520",marketing@caroofingsolutions.com,Propio (dominio de la empresa),http://www.caroofingsolutions.com/,ALIVE_202,SIN HTTPS (obsoleto/inseguro),"Sitio sin candado de seguridad, tecnologia vieja"
14,"Caliber Roofing & Construction, LLC.",+19158205483,"8105 Algerita Ct, El Paso, TX 79915",info@caliber-roofing.com,Propio (dominio de la empresa),http://caliber-roofing.com/,ALIVE_200,SIN HTTPS (obsoleto/inseguro),"Sitio sin candado de seguridad, tecnologia vieja"
15,Camacho Roofing LLC,+19366481174,"937 Waxahachie St, Conroe, TX 77301",camachoroofingtx@gmail.com,Propio (Gmail/Outlook de la empresa),http://www.camachoroofing.org/,ALIVE_200,SIN HTTPS (obsoleto/inseguro),"Sitio sin candado de seguridad, tecnologia vieja"
16,CAP Roofing and Construction LLC,+18328020560,"3222 Burke Rd Suit 110 A, Pasadena, TX 77504",info@caproofingconstruction.com,Propio (dominio de la empresa),http://www.caproofingconstruction.com/,ALIVE_200,SIN HTTPS (obsoleto/inseguro),"Sitio sin candado de seguridad, tecnologia vieja"
17,"Carpenter Roofing Company, Inc.",+18067997030,"1925 Buddy Holly Ave, Lubbock, TX 79404",service@carpenterroof.com,Propio (dominio de la empresa),http://carpenterroof.com/,ALIVE_200,SIN HTTPS (obsoleto/inseguro),"Sitio sin candado de seguridad, tecnologia vieja"
18,Cornerstone Roofing Company,+19404475944,"5199 TX-79, Wichita Falls, TX 76310",info@cornerstoneroofingcompanywf.com,Propio (dominio de la empresa),http://www.cornerstoneroofingcompanywf.com/,ALIVE_200,SIN HTTPS (obsoleto/inseguro),"Sitio sin candado de seguridad, tecnologia vieja"
19,Covered Roofing,+12815773518,,info@coveredroofing.net,Propio (dominio de la empresa),http://www.coveredroofing.net/,ALIVE_200,SIN HTTPS (obsoleto/inseguro),"Sitio sin candado de seguridad, tecnologia vieja"
20,Denton Roofing,+19729791070,"1501 S Loop 288, Denton, TX 76205",contact@dfwroofingpro.com,Propio (otro dominio),http://dentonroofingpro.com/contact-us/,ALIVE_200,SIN HTTPS (obsoleto/inseguro),"Sitio sin candado de seguridad, tecnologia vieja"
21,Done Right Roofing & General Construction INC,+19796903400,"3206 Longmire Dr a50, College Station, TX 77845",info@donerightroofing.net,Propio (dominio de la empresa),http://www.donerightroofing.net/,ALIVE_200,SIN HTTPS (obsoleto/inseguro),"Sitio sin candado de seguridad, tecnologia vieja"
22,E&D Premier Roofing & Solar LLC,+14693630187,"3738 Dividend Dr, Garland, TX 75042",splidejs/splide@4.1.4,Propio (otro dominio),http://edpremierroofing.com/?utm_source=gmb&utm_medium=referral,ALIVE_200,SIN HTTPS (obsoleto/inseguro),"Sitio sin candado de seguridad, tecnologia vieja"
23,Ernie Smith & Sons Roofing,+18323365153,"2904 Trimmier Rd A2, Killeen, TX 76542",info@smithandsonsroofing.com,Propio (dominio de la empresa),http://www.smithandsonsroofing.com/,ALIVE_200,SIN HTTPS (obsoleto/inseguro),"Sitio sin candado de seguridad, tecnologia vieja"
24,"Frisco Roofing, llc",+19725673362,,wes@friscoroofingllc.com,Propio (dominio de la empresa),http://www.friscoroofingllc.com/,ALIVE_200,SIN HTTPS (obsoleto/inseguro),"Sitio sin candado de seguridad, tecnologia vieja"
25,GP Roofing and Remodeling,+14698800937,"765 W Westchester Pkwy #543252, Grand Prairie, TX 75054",info@gproofing.org,Propio (otro dominio),http://gproofingandremodeling.com/,ALIVE_403,SIN HTTPS (obsoleto/inseguro),"Sitio sin candado de seguridad, tecnologia vieja"
26,Hartman Roofing,+13256925003,"1565 Dunnam Dr, Abilene, TX 79602",jay@hartmanroofing.com,Propio (dominio de la empresa),http://www.hartmanroofing.com/,ALIVE_200,SIN HTTPS (obsoleto/inseguro),"Sitio sin candado de seguridad, tecnologia vieja"
27,Hartman Roofing,+13256532888,"96 W 4th St, San Angelo, TX 76903",jay@hartmanroofing.com,Propio (dominio de la empresa),http://www.hartmanroofing.com/,ALIVE_200,SIN HTTPS (obsoleto/inseguro),"Sitio sin candado de seguridad, tecnologia vieja"
28,Hartman Roofing Inc,+18063728510,"10206 S Georgia St, Amarillo, TX 79118",jay@hartmanroofing.com,Propio (dominio de la empresa),http://hartmanroofing.com/,ALIVE_200,SIN HTTPS (obsoleto/inseguro),"Sitio sin candado de seguridad, tecnologia vieja"
29,Hartman Roofing Lubbock,+18066150061,"2108 109th St, Lubbock, TX 79423",info@hartmanroofinglubbock.com,Propio (dominio de la empresa),http://hartmanroofinglubbock.com/,ALIVE_200,SIN HTTPS (obsoleto/inseguro),"Sitio sin candado de seguridad, tecnologia vieja"
30,"Hartman Roofing, Inc",+14325221117,"2419 E Hwy 80, Midland, TX 79706",jay@hartmanroofing.com,Propio (dominio de la empresa),http://www.hartmanroofing.com/,ALIVE_200,SIN HTTPS (obsoleto/inseguro),"Sitio sin candado de seguridad, tecnologia vieja"
31,"Hometown Roofing, Inc",+14695835228,"100 N Cottonwood Dr #108, Richardson, TX 75080",hometownroofingoftexas@gmail.com,Propio (Gmail/Outlook de la empresa),http://www.hometownroofinginc.net/,ALIVE_200,SIN HTTPS (obsoleto/inseguro),"Sitio sin candado de seguridad, tecnologia vieja"
32,Horizon Roofing Specialists,+18305153434,"242 S Business IH 35 Ste E, New Braunfels, TX 78130",info@roofinghorizon.com,Propio (otro dominio),http://horizonroofingspecialists.com/,ALIVE_200,SIN HTTPS (obsoleto/inseguro),"Sitio sin candado de seguridad, tecnologia vieja"
33,Houston Roofing & Construction,+18322373737,"11330 West Rd, Houston, TX 77065",info@myhrc.biz,Propio (otro dominio),http://www.houstonroofingonline.com/,ALIVE_202,SIN HTTPS (obsoleto/inseguro),"Sitio sin candado de seguridad, tecnologia vieja"
34,Ideal Precision Roofing & Exteriors LLC,+12104851553,"10634 Gulfdale St Ste 1, San Antonio, TX 78216",michael@idealroofer.com,Propio (otro dominio),http://www.idealprecisionroofing.com/,ALIVE_202,SIN HTTPS (obsoleto/inseguro),"Sitio sin candado de seguridad, tecnologia vieja"
35,Jenkins Roofing and Construction,+18178866710,"1615 W Abram St #110, Arlington, TX 76013",info@jenkinsroofing.com,Propio (dominio de la empresa),http://www.jenkinsroofing.com/,ALIVE_200,SIN HTTPS (obsoleto/inseguro),"Sitio sin candado de seguridad, tecnologia vieja"
36,JJ Flores Roofing & Sheet Metal Co.,+19567227688,"1810 Aguila Azteca Dr, Laredo, TX 78043",jjfloresroofing_request@outlook.com,Propio (Gmail/Outlook de la empresa),http://jjfloresroofing.co/,ALIVE_200,SIN HTTPS (obsoleto/inseguro),"Sitio sin candado de seguridad, tecnologia vieja"
37,John Wade Roofing,+18172655520,"3214 W Park Row Dr, Pantego, TX 76013",john@johnwaderoofing.com,Propio (dominio de la empresa),http://johnwaderoofing.com/,ALIVE_200,SIN HTTPS (obsoleto/inseguro),"Sitio sin candado de seguridad, tecnologia vieja"
38,KangaRoof,+15123887663,"1317 Sam Bass Rd, Round Rock, TX 78681",info@callkangaroof.com,Propio (dominio de la empresa),http://www.callkangaroof.com/,ALIVE_200,SIN HTTPS (obsoleto/inseguro),"Sitio sin candado de seguridad, tecnologia vieja"
39,Lange Roofing,+12542900230,"1538 W Stan Schlueter Loop, Killeen, TX 76549",langeroofingllc@gmail.com,Propio (Gmail/Outlook de la empresa),http://www.langeroofingllc.com/,ALIVE_200,SIN HTTPS (obsoleto/inseguro),"Sitio sin candado de seguridad, tecnologia vieja"
40,Layne Tech Roofing,+13256904101,"2601 S Danville Dr, Abilene, TX 79606",laynetech@gmail.com,Propio (Gmail/Outlook de la empresa),http://www.laynetechroofing.com/,ALIVE_200,SIN HTTPS (obsoleto/inseguro),"Sitio sin candado de seguridad, tecnologia vieja"
41,Lifeline Roofing Systems,+19367012242,"1501 League Line Rd, Conroe, TX 77304",office.lifelineroofingsystems@gmail.com,Propio (Gmail/Outlook de la empresa),http://lifelineroofingsystems.com/,ALIVE_200,SIN HTTPS (obsoleto/inseguro),"Sitio sin candado de seguridad, tecnologia vieja"
42,"Lone Ranger Roofing, LLC",+12543001413,"715 E Downs Ave, Temple, TX 76501",info@lonerangerroofing.com,Propio (dominio de la empresa),http://lonerangerroofing.com/,ALIVE_200,SIN HTTPS (obsoleto/inseguro),"Sitio sin candado de seguridad, tecnologia vieja"
43,Lone-Star Roof Systems,+18003171939,"18476 State Hwy 6 S, College Station, TX 77845",optout@lonestarroofsystems.com,Propio (dominio de la empresa),http://www.lonestarroofsystems.com/,ALIVE_200,SIN HTTPS (obsoleto/inseguro),"Sitio sin candado de seguridad, tecnologia vieja"
44,Longhorn Roofing,+19564791060,"5660 Knights Bridge, Brownsville, TX 78526",info@getlonghorn.com,Propio (dominio de la empresa),http://www.getlonghorn.com/,ALIVE_200,SIN HTTPS (obsoleto/inseguro),"Sitio sin candado de seguridad, tecnologia vieja"
45,Longview Roofing LLC,+19032388841,"505 E Cotton St, Longview, TX 75601",marketing.longviewroofingllc@gmail.com,Propio (Gmail/Outlook de la empresa),http://www.longviewroofingllc.com/,ALIVE_200,SIN HTTPS (obsoleto/inseguro),"Sitio sin candado de seguridad, tecnologia vieja"
46,Low Cost Roofing Dallas,+19729050444,,roofdallas29@gmail.com,Propio (Gmail/Outlook de la empresa),http://alowcostroofingdallas.com/,ALIVE_200,SIN HTTPS (obsoleto/inseguro),"Sitio sin candado de seguridad, tecnologia vieja"
47,McKinney Roofing and Construction,+19729778210,"5100 Eldorado Pkwy, McKinney, TX 75072",mckinneyroofing@gmail.com,Propio (Gmail/Outlook de la empresa),http://mckinneyroofing.com/,ALIVE_200,SIN HTTPS (obsoleto/inseguro),"Sitio sin candado de seguridad, tecnologia vieja"
48,MD Roofing & Construction,+19728343009,"2629 Eucalyptus Rd, Frisco, TX 75033",michael@mdroofingpros.com,Propio (dominio de la empresa),http://mdroofingpros.com/?utm_source=google-gmb-maps&utm_medium=gmb-website-button&utm_campaign=locl.io&utm_content=17967448-f406-4205-9d94-f685d229b7b1,ALIVE_200,SIN HTTPS (obsoleto/inseguro),"Sitio sin candado de seguridad, tecnologia vieja"
49,New Braunfels Roofing,+18305428333,"977 Fredericksburg Rd, New Braunfels, TX 78130",info@newbraunfelsroofingtx.com,Propio (dominio de la empresa),http://newbraunfelsroofingtx.com/,ALIVE_200,SIN HTTPS (obsoleto/inseguro),"Sitio sin candado de seguridad, tecnologia vieja"
50,New Leaf Roofing,+12149240186,"3400 Provine Rd, McKinney, TX 75070",info@newleafroofing.net,Propio (dominio de la empresa),http://www.newleafroofing.net/,ALIVE_200,SIN HTTPS (obsoleto/inseguro),"Sitio sin candado de seguridad, tecnologia vieja"
51,North Texas Roofing,+19403676761,"207 W Hickory St #103, Denton, TX 76201",kurt@northtxroofing.com,Propio (otro dominio),http://www.northtexasroofing.com/,ALIVE_406,SIN HTTPS (obsoleto/inseguro),"Sitio sin candado de seguridad, tecnologia vieja"
52,Owen Roofing Company,+19565466638,"2685 N Coria St Ste C3, Brownsville, TX 78520",owenroof7@gmail.com,Propio (Gmail/Outlook de la empresa),http://www.owenroofingco.com/,ALIVE_200,SIN HTTPS (obsoleto/inseguro),"Sitio sin candado de seguridad, tecnologia vieja"
53,Pahmiyer Roofing & Construction,+12547557663,"5900 Franklin Av Service Rd Unit 34, Waco, TX 76710",info@texasroofmaster.com,Propio (dominio de la empresa),http://texasroofmaster.com/,ALIVE_200,SIN HTTPS (obsoleto/inseguro),"Sitio sin candado de seguridad, tecnologia vieja"
54,Pardo Roofing & Restoration,+19568032203,"11 Mangrove Cir, Brownsville, TX 78521",williampardoroofing@aol.com,Propio (Gmail/Outlook de la empresa),http://pardoroofing.com/,ALIVE_200,SIN HTTPS (obsoleto/inseguro),"Sitio sin candado de seguridad, tecnologia vieja"
55,Performance Roofing,+19723608042,"301 S McDonald St, McKinney, TX 75069",tsales@performanceroofingtx.com,Propio (dominio de la empresa),http://www.performanceroofingtx.com/,ALIVE_200,SIN HTTPS (obsoleto/inseguro),"Sitio sin candado de seguridad, tecnologia vieja"
56,Permian Roofing LLC,+14322373127,"312 W May St, Odessa, TX 79761",permianroofing@gmail.com,Propio (Gmail/Outlook de la empresa),http://permianroofing.net/?utm_source=gmb&utm_medium=referral,ALIVE_406,SIN HTTPS (obsoleto/inseguro),"Sitio sin candado de seguridad, tecnologia vieja"
57,Pioneer Roofing,+14699091423,"4740 14th St Suite 2A, Plano, TX 75074",help@mypioneerroofing.com,Propio (dominio de la empresa),http://www.mypioneerroofing.com/,ALIVE_200,SIN HTTPS (obsoleto/inseguro),"Sitio sin candado de seguridad, tecnologia vieja"
58,Pioneer Roofing & Construction,+19159266099,"204 N Eucalyptus St Ste-C, El Paso, TX 79901",pioneer@915pioneer.com,Propio (otro dominio),http://pioneerroofingep.com/,ALIVE_200,SIN HTTPS (obsoleto/inseguro),"Sitio sin candado de seguridad, tecnologia vieja"
59,Plains Roofing Company,+18067480702,"1510 98th St, Lubbock, TX 79423",plainsroofing@gmail.com,Propio (Gmail/Outlook de la empresa),http://plainsroofing.com/,ALIVE_403,SIN HTTPS (obsoleto/inseguro),"Sitio sin candado de seguridad, tecnologia vieja"
60,PMR Roofing,+14694097663,"2006 N Hwy 360, Grand Prairie, TX 75050",info@pmrroofing.com,Propio (dominio de la empresa),http://pmrroofing.com/,ALIVE_200,SIN HTTPS (obsoleto/inseguro),"Sitio sin candado de seguridad, tecnologia vieja"
61,Protex Roofing,+13614007663,"3429 Samoa Dr, Corpus Christi, TX 78418",protexroofingtx@gmail.com,Propio (Gmail/Outlook de la empresa),http://protexroofingtx.com/,ALIVE_200,SIN HTTPS (obsoleto/inseguro),"Sitio sin candado de seguridad, tecnologia vieja"
62,Reyes Roofing LLC,+18173433836,"1806 NE 33rd St, Fort Worth, TX 76106",reyesroofingandrepair@yahoo.com,Propio (Gmail/Outlook de la empresa),http://reyesroofingdfw.com/,ALIVE_200,SIN HTTPS (obsoleto/inseguro),"Sitio sin candado de seguridad, tecnologia vieja"
63,Rhino Roofing & Construction LLC,+19159220660,"4100 Rio Bravo St #206, El Paso, TX 79902",915.rhino.roofing@gmail.com,Propio (Gmail/Outlook de la empresa),http://rhinoroofingep.com/,ALIVE_200,SIN HTTPS (obsoleto/inseguro),"Sitio sin candado de seguridad, tecnologia vieja"
64,Roofing On Demand,+14099655555,"2050 N 11th St, Beaumont, TX 77703",info@roofingondemand.com,Propio (dominio de la empresa),http://roofingondemand.com/,ALIVE_200,SIN HTTPS (obsoleto/inseguro),"Sitio sin candado de seguridad, tecnologia vieja"
65,Rooftech Roofing and Coatings,+19154747545,"11394 James Watt Dr Ste 602, El Paso, TX 79936",contact@rooftech.co,Propio (dominio de la empresa),http://www.rooftech.co/,ALIVE_200,SIN HTTPS (obsoleto/inseguro),"Sitio sin candado de seguridad, tecnologia vieja"
66,Rosehill Roofing and Restoration,+18323027462,"6565 N MacArthur Blvd, Irving, TX 75039",rosehillroofingandrestoration@gmail.com,Propio (Gmail/Outlook de la empresa),http://www.rosehillroofingandrestoration.com/dallas-tx,ALIVE_200,SIN HTTPS (obsoleto/inseguro),"Sitio sin candado de seguridad, tecnologia vieja"
67,Rushing Roofing & Contracting LLC,+14699257076,"2100 N Greenville Ave Ste 507, Richardson, TX 75080",rushingroofingllc@gmail.com,Propio (Gmail/Outlook de la empresa),http://rushingroofingllc.com/,ALIVE_200,SIN HTTPS (obsoleto/inseguro),"Sitio sin candado de seguridad, tecnologia vieja"
68,Southern Star Roofing and Seamless Gutters,+19797219983,"12948 Tonkaway Lake Rd suit 220, College Station, TX 77845",southernstarroofing22@gmail.com,Propio (Gmail/Outlook de la empresa),http://southern-star-roofing.com/,ALIVE_200,SIN HTTPS (obsoleto/inseguro),"Sitio sin candado de seguridad, tecnologia vieja"
69,Spartan Roofing of Texas LLC,+12547784243,"100 FM93, Temple, TX 76502",gageconstructioninc@gmail.com,Propio (Gmail/Outlook de la empresa),http://spartanroofingtx.com/,ALIVE_200,SIN HTTPS (obsoleto/inseguro),"Sitio sin candado de seguridad, tecnologia vieja"
70,Sunset Roofers,+19563076123,"1701 Jacaman Rd Suite RB2B, Laredo, TX 78041",estimates@sunsetroofers.com,Propio (dominio de la empresa),http://sunsetroofers.com/,ALIVE_406,SIN HTTPS (obsoleto/inseguro),"Sitio sin candado de seguridad, tecnologia vieja"
71,Sustainable Roofing LLC,+19793242270,"707 Texas Ave Ste 218D, College Station, TX 77840",office@sustainableroofingllc.com,Propio (dominio de la empresa),http://sustainableroofingllc.com/,ALIVE_200,SIN HTTPS (obsoleto/inseguro),"Sitio sin candado de seguridad, tecnologia vieja"
72,Texas Built Roofing,+12547172736,"911 E Johnson St, Waco, TX 76705",lee@texasbuiltroofing.com,Propio (dominio de la empresa),http://texasbuiltroofing.com/,ALIVE_200,SIN HTTPS (obsoleto/inseguro),"Sitio sin candado de seguridad, tecnologia vieja"
73,Texas Coastal Roofing and Construction LLC,+13613321263,"730 Diamond Cut Dr Ste D, Corpus Christi, TX 78409",texascoastalroofing@gmail.com,Propio (Gmail/Outlook de la empresa),http://www.texascoastalroofingandconstruction.com/,ALIVE_406,SIN HTTPS (obsoleto/inseguro),"Sitio sin candado de seguridad, tecnologia vieja"
74,Texas Roof Systems,+14325807993,"30 Paloma Trl, Odessa, TX 79766",texasroofsystems@gmail.com,Propio (Gmail/Outlook de la empresa),http://texasroofsystems.com/,ALIVE_200,SIN HTTPS (obsoleto/inseguro),"Sitio sin candado de seguridad, tecnologia vieja"
75,Texas Roofing Project,+12146007661,"642 N Interurban St, Richardson, TX 75081",info@txroofingproject.com,Propio (dominio de la empresa),http://www.txroofingproject.com/,ALIVE_200,SIN HTTPS (obsoleto/inseguro),"Sitio sin candado de seguridad, tecnologia vieja"
76,TEXPRO Roofing & Construction,+18323905160,"1300 S Frazier St Ste 111, Conroe, TX 77301",office@texproroof.com,Propio (dominio de la empresa),http://texproroof.com/,ALIVE_200,SIN HTTPS (obsoleto/inseguro),"Sitio sin candado de seguridad, tecnologia vieja"
77,"Town and Country Roofing, Inc.",+19723778188,"4900 Preston Rd #101, Frisco, TX 75034",info@townandcountryroofingdfw.com,Propio (dominio de la empresa),http://www.townandcountryroofingdfw.com/,ALIVE_200,SIN HTTPS (obsoleto/inseguro),"Sitio sin candado de seguridad, tecnologia vieja"
78,TRX Roofing & Construction,+18066831015,"5417 Camp Ln, Amarillo, TX 79110",service@trxroofing.com,Propio (dominio de la empresa),http://trxroofing.com/,ALIVE_200,SIN HTTPS (obsoleto/inseguro),"Sitio sin candado de seguridad, tecnologia vieja"
79,TX Roofing & Services,+17138202302,"2855 Mangum Rd Unit B201B, Houston, TX 77092",info@txroofingandservices.com,Propio (dominio de la empresa),http://www.txroofingandservices.com/,ALIVE_403,SIN HTTPS (obsoleto/inseguro),"Sitio sin candado de seguridad, tecnologia vieja"
80,Upscale Roofing,+12819307368,"7407 Spencer Hwy Ste 110, Pasadena, TX 77505",jamie@upscaleroofingtx.com,Propio (dominio de la empresa),http://upscaleroofingtx.com/,ALIVE_200,SIN HTTPS (obsoleto/inseguro),"Sitio sin candado de seguridad, tecnologia vieja"
81,West Texas Exteriors Inc-,+18067486777,"327 E 74th St, Lubbock, TX 79404",office@westtexasexteriors.com,Propio (dominio de la empresa),http://westtexasexteriors.com/,ALIVE_200,SIN HTTPS (obsoleto/inseguro),"Sitio sin candado de seguridad, tecnologia vieja"
82,12 Stones Roofing & Construction,+18328159463,"6933 Olson Ln, Pasadena, TX 77505",admin@12stonesroofing.com,Propio (dominio de la empresa),https://12stonesroofing.com/,ALIVE_200,SITIO ACTIVO (moderno),Sitio web aparentemente funcional
83,360 Innovations Roofing | Richardson TX Roofing Pros,+12144026943,"1110 West Shore Dr #400, Richardson, TX 75080",360roofco@gmail.com,Propio (Gmail/Outlook de la empresa),https://www.mydfwroofing.com/,ALIVE_200,SITIO ACTIVO (moderno),Sitio web aparentemente funcional
84,911 Exteriors Roofing and Construction,+19722436700,"2302 Parkside Ave, Irving, TX 75061",ash@911exteriors.com,Propio (dominio de la empresa),https://www.911exteriors.com/,ALIVE_403,SITIO ACTIVO (moderno),Sitio web aparentemente funcional
85,940 Roofing and Construction,+19407663464,"906 Tilden St, Wichita Falls, TX 76309",940roofing@gmail.com,Propio (Gmail/Outlook de la empresa),https://www.940roofingandconstruction.com/,ALIVE_200,SITIO ACTIVO (moderno),Sitio web aparentemente funcional
86,A+ Roofing and Construction,+12545631251,"312 W Adams Ave, Temple, TX 76501",chad@aplusroofingtx.com,Propio (dominio de la empresa),https://www.aplusroofingtx.com/,ALIVE_200,SITIO ACTIVO (moderno),Sitio web aparentemente funcional
87,A+ Roofing LLC,+19032610910,"11817 TX-149, Longview, TX 75603",erick@aplusroofingetx.com,Propio (dominio de la empresa),https://aplusroofingetx.com/,ALIVE_200,SITIO ACTIVO (moderno),Sitio web aparentemente funcional
88,Abbott Roofing Company,+19362097007,"12803 Sunshine Pk Dr S, Willis, TX 77318",info@abbottroofing.com,Propio (dominio de la empresa),https://www.abbottroofing.com/,ALIVE_200,SITIO ACTIVO (moderno),Sitio web aparentemente funcional
89,Ace Roofing Company,+15128367663,"9705 Burnet Rd Ste 415, Austin, TX 78758",info@aceroofingtexas.com,Propio (dominio de la empresa),https://aceroofingtexas.com/,ALIVE_200,SITIO ACTIVO (moderno),Sitio web aparentemente funcional
90,Advantage Roofing Company,+19039393168,"16678 State Hwy 155 Ste 300A, Tyler, TX 75703",info@advantageroofingcompany.com,Propio (dominio de la empresa),https://www.advantageroofingcompany.com/,ALIVE_200,SITIO ACTIVO (moderno),Sitio web aparentemente funcional
91,Allied Roofing,+17137012703,,info@alliedroofingtx.com,Propio (dominio de la empresa),https://alliedroofingtx.com/,ALIVE_200,SITIO ACTIVO (moderno),Sitio web aparentemente funcional
92,Altair Austin Roofing Company,+15126402658,"807 Brazos St #403, Austin, TX 78701",support@austinroofingcompany.com,Propio (dominio de la empresa),https://austinroofingcompany.com/,ALIVE_200,SITIO ACTIVO (moderno),Sitio web aparentemente funcional
93,AM Roofing Company,+12149804366,"5641 SMU Boulevard #106, Dallas, TX 75206",info@amroofingcompany.com,Propio (dominio de la empresa),https://amroofingcompany.com/?utm_source=Google_Maps&utm_medium=Website_Link-Click&utm_campaign=Google_Maps_Visits,ALIVE_200,SITIO ACTIVO (moderno),Sitio web aparentemente funcional
94,AO1 Roofing and Construction LLC.,+17137157663,"5041 Spencer Hwy Ste 207, Pasadena, TX 77505",info@ao1roofing.com,Propio (otro dominio),https://ao1roofingandconstruction.com/,ALIVE_200,SITIO ACTIVO (moderno),Sitio web aparentemente funcional
95,Apex Roofing & General Contractors,+17267277663,"8131 W Hausman Rd Ste 103, San Antonio, TX 78249",info@apexroofing.biz,Propio (dominio de la empresa),https://apexroofing.biz/,ALIVE_200,SITIO ACTIVO (moderno),Sitio web aparentemente funcional
96,Apple Tree Roofing and Renovations,+12149144906,"803 N Keaton Rd, Sanger, TX 76266",info@appletreeroofing.com,Propio (dominio de la empresa),https://www.appletreeroofing.com/,ALIVE_406,SITIO ACTIVO (moderno),Sitio web aparentemente funcional
97,Arrington Roofing,+12146988443,"2203 Obenchain St, Dallas, TX 75208",info@arringtonroofing.com,Propio (dominio de la empresa),https://arringtonroofing.com/?utm_source=gbp&utm_medium=organic&utm_campaign=gbp-listing,ALIVE_200,SITIO ACTIVO (moderno),Sitio web aparentemente funcional
98,ASAP Roofing,+19032875729,"13026 Kallan Avenue, Tyler, TX 75703",email@asaproofing.com,Propio (dominio de la empresa),https://asaproofing.com/,ALIVE_200,SITIO ACTIVO (moderno),Sitio web aparentemente funcional
99,Atlas Roofing Pros,+12543198884,"1 E Central Ave Ste 106, Temple, TX 76501",atlasroofpros@gmail.com,Propio (Gmail/Outlook de la empresa),https://atlasroofingprofessionals.com/,ALIVE_200,SITIO ACTIVO (moderno),Sitio web aparentemente funcional
100,Austin Roofing and Construction,+15126294949,"1301 W Ben White Blvd #200A, Austin, TX 78704",info@austinroofingandconstruction.com,Propio (dominio de la empresa),https://www.austinroofingandconstruction.com/,ALIVE_200,SITIO ACTIVO (moderno),Sitio web aparentemente funcional
101,Austin Roofing Company & Water Damage | WDR,+15128206505,"9711 Beck Cir, Austin, TX 78758",info@austinroofingandwaterdamage.com,Propio (dominio de la empresa),https://austinroofingandwaterdamage.com/?utm_campaign=gmb,ALIVE_200,SITIO ACTIVO (moderno),Sitio web aparentemente funcional
102,Austin Roofing Company LLC,+15129527454,"12430 Metric Blvd Suite 2205, Austin, TX 78758",info@austinroofingcompany.us,Propio (dominio de la empresa),https://austinroofingcompany.us/,ALIVE_200,SITIO ACTIVO (moderno),Sitio web aparentemente funcional
103,Avco Roofing,+12144338033,"1225 W College Ave #504, Carrollton, TX 75006",office@avcoroofing.com,Propio (dominio de la empresa),https://avcoroofing.com/,ALIVE_200,SITIO ACTIVO (moderno),Sitio web aparentemente funcional
104,Banner Roofing & Construction,+16822071586,"1563 Laramie Ln, Frisco, TX 75033",//www.google.com/maps/place/banner+roofing+%26+construction+llc/@33.1621775,Propio (otro dominio),https://www.banner-roofing.com/,ALIVE_403,SITIO ACTIVO (moderno),Sitio web aparentemente funcional
105,Barr Residential Roofing Services,+13257019529,"2250 Oak St, Abilene, TX 79602",info@trustbarr.com,Propio (dominio de la empresa),https://www.trustbarr.com/,ALIVE_200,SITIO ACTIVO (moderno),Sitio web aparentemente funcional
106,Basin Roofing & Construction,+14328537663,"8220 TX-191, Midland, TX 79707",info@basinroofing.com,Propio (dominio de la empresa),https://basinroofing.com/,ALIVE_200,SITIO ACTIVO (moderno),Sitio web aparentemente funcional
107,Beaumont Roofing,+14098999575,,beaumontroofing1@gmail.com,Propio (Gmail/Outlook de la empresa),https://www.beaumont-roofing.com/,ALIVE_200,SITIO ACTIVO (moderno),Sitio web aparentemente funcional
108,Beaumont Roofing Company,+19363103495,"6950 College St, Beaumont, TX 77707",info@beaumontroofingcompany.com,Propio (dominio de la empresa),https://www.beaumontroofingcompany.com/,ALIVE_200,SITIO ACTIVO (moderno),Sitio web aparentemente funcional
109,Beaumont Roofing Company,+18326794675,"6130 Muela Creek Dr, Beaumont, TX 77706",info@beaumontroofingcompany.com,Propio (dominio de la empresa),https://www.beaumontroofingcompany.com/,ALIVE_200,SITIO ACTIVO (moderno),Sitio web aparentemente funcional
110,"Berryman Roofing & Siding, LLC",+13619940342,"5417 Curtis Clark Dr, Corpus Christi, TX 78411",support@berrymanroof.com,Propio (dominio de la empresa),https://www.berrymanroof.com/,ALIVE_200,SITIO ACTIVO (moderno),Sitio web aparentemente funcional
111,Bert Roofing Inc.,+12142392699,"10021 Cayuga Dr, Dallas, TX 75228",mail@bertroofing.com,Propio (dominio de la empresa),https://bertroofing.com/?utm_campaign=gmb,ALIVE_200,SITIO ACTIVO (moderno),Sitio web aparentemente funcional
112,Bill Sprauer Austin Roofing Company,+17377036290,"11116 Middle Fiskville Rd, Austin, TX 78753",billsprauerroofing@gmail.com,Propio (Gmail/Outlook de la empresa),https://www.sprauerroofingco.com/,ALIVE_403,SITIO ACTIVO (moderno),Sitio web aparentemente funcional
113,Blue Hammer Roofing,+17372583054,"551 S I-35 Frontage Rd Ste 103, Round Rock, TX 78664",marketing@bluehammerroofing.com,Propio (dominio de la empresa),https://bluehammerroofing.com/areas-served/austin/?utm_source=google&utm_medium=organic&utm_campaign=gmb_austin,ALIVE_403,SITIO ACTIVO (moderno),Sitio web aparentemente funcional
114,Blue Ridge Construction Services,+14322306965,,contact@txblueridge.com,Propio (dominio de la empresa),https://txblueridge.com/,ALIVE_200,SITIO ACTIVO (moderno),Sitio web aparentemente funcional
115,Brazos Valley Roofing Experts,+19795742412,"4040 Texas 6 Frontage Rd Ste 200, College Station, TX 77845",sales@bvroofingexperts.com,Propio (dominio de la empresa),https://bvroofingexperts.com/,ALIVE_200,SITIO ACTIVO (moderno),Sitio web aparentemente funcional
116,Cable's Roofing,+19034833359,"13033 State Hwy 155, Tyler, TX 75703",info@cablesroofing.com,Propio (dominio de la empresa),https://www.cablesroofing.com/?utm_campaign=gmb,ALIVE_200,SITIO ACTIVO (moderno),Sitio web aparentemente funcional
117,Castex Roofing Co,+12547491579,"4112 Kendall Ln, Waco, TX 76705",//www.google.com/maps/place/castillo's+roofing+%26+construction+-+serving+central+texas+%e2%9c%85+100%25+financing/@31.5727912,Propio (otro dominio),https://www.castexroofingco.com/,ALIVE_200,SITIO ACTIVO (moderno),Sitio web aparentemente funcional
118,Castex Roofing Killeen,+12547491579,"3402 Regency Ct, Killeen, TX 76549",//www.google.com/maps/place/castillo's+roofing+%26+construction+-+serving+central+texas+%e2%9c%85+100%25+financing/@31.5727912,Propio (otro dominio),https://www.castexroofingco.com/killeen,ALIVE_200,SITIO ACTIVO (moderno),Sitio web aparentemente funcional
119,Castro Roofing,+19567396862,"1821 N 23rd St Ste. 401, McAllen, TX 78501",alberto.castro.roofing@gmail.com,Propio (Gmail/Outlook de la empresa),https://castroroofs.com/,ALIVE_200,SITIO ACTIVO (moderno),Sitio web aparentemente funcional
120,Cedarline Roofing,+14329943733,"3000 N Garfield St Ste 232, Midland, TX 79705",info@cedarlineroofing.com,Propio (dominio de la empresa),https://cedarlineroofing.com/,ALIVE_200,SITIO ACTIVO (moderno),Sitio web aparentemente funcional
121,"Charles Terry Construction, Inc.",+14325206943,"2707 S County Rd 1206, Midland, TX 79706",office@charlesterryconstruction.biz,Propio (otro dominio),https://www.charlesterryconstruction.com/,ALIVE_200,SITIO ACTIVO (moderno),Sitio web aparentemente funcional
122,City Roofing Company,+18177381756,"4020 W Vickery Blvd, Fort Worth, TX 76107",info@cityroofing.net,Propio (dominio de la empresa),https://www.cityroofing.net/,ALIVE_200,SITIO ACTIVO (moderno),Sitio web aparentemente funcional
123,Clark Roofing,+12543744477,"221 Cotton Dr, Waco, TX 76712",info@clarkroofingtx.com,Propio (dominio de la empresa),https://www.clarkroofingtx.com/?utm_campaign=gmb,ALIVE_200,SITIO ACTIVO (moderno),Sitio web aparentemente funcional
124,CLC Roofing Inc.,+18173064567,"600 W 6th St Fl 4, Suite B, Fort Worth, TX 76102",info@clcroofing.com,Propio (otro dominio),https://www.fortworthroofing.net/?utm_source=GMB&utm_medium=organic&utm_campaign=gmb,ALIVE_200,SITIO ACTIVO (moderno),Sitio web aparentemente funcional
125,Clean Cut Roofing,+19032910848,"1905 E U.S. Hwy 80, White Oak, TX 75693",info@cleancut.com,Propio (dominio de la empresa),https://www.cleancut.com/,ALIVE_200,SITIO ACTIVO (moderno),Sitio web aparentemente funcional
126,Clear Choice Roofing - Austin,+15126402643,"5555 N Lamar Blvd Suite H135, Austin, TX 78751",office@clearchoiceroofingatx.com,Propio (dominio de la empresa),https://clearchoiceroofingatx.com/?utm_source=gbp&utm_medium=organic&utm_campaign=gbp-listing,ALIVE_200,SITIO ACTIVO (moderno),Sitio web aparentemente funcional
127,Conroe TX Roofing Company,+19362650922,"200 S Frazier St, Conroe, TX 77301",info@conroetxroofingcompany.com,Propio (dominio de la empresa),https://www.conroetxroofingcompany.com/,ALIVE_200,SITIO ACTIVO (moderno),Sitio web aparentemente funcional
128,Cool Roofs - Austin,+15129801297,"2121 E 6th St #201, Austin, TX 78702",hudson@coolroofs.co,Propio (dominio de la empresa),https://coolroofs.co/location/austin/,ALIVE_200,SITIO ACTIVO (moderno),Sitio web aparentemente funcional
129,CPR Roofing & General Contractors,+12149004964,"100 N Central Expy Ste 502, Richardson, TX 75080",info@cprroofinggc.com,Propio (dominio de la empresa),https://www.cprroofinggc.com/,ALIVE_200,SITIO ACTIVO (moderno),Sitio web aparentemente funcional
130,CRV Construction,+19564670455,"2212 Primrose Ave W C, McAllen, TX 78504",carlos@crvcompany.com,Propio (otro dominio),https://www.crvconstruction.com/,ALIVE_200,SITIO ACTIVO (moderno),Sitio web aparentemente funcional
131,Davis Roofing Solutions,+18178577663,"901 Bonnie Brae Ave, Fort Worth, TX 76111",frontdesk@davisroofingsolutions.com,Propio (dominio de la empresa),https://www.davisroofingsolutions.com/,ALIVE_403,SITIO ACTIVO (moderno),Sitio web aparentemente funcional
132,Denali Roofing,+12543178025,,denaliroofingllc@gmail.com,Propio (Gmail/Outlook de la empresa),https://denaliroofingllc.net/?utm_source=omg-gbp&utm_medium=webclick,ALIVE_200,SITIO ACTIVO (moderno),Sitio web aparentemente funcional
133,DFW Expert Roof Repair,+19728381977,"600 E John W Carpenter Fwy #502, Irving, TX 75062",dfwexpertroofrepair@gmail.com,Propio (Gmail/Outlook de la empresa),https://dfwexpertroofrepair.com/irving/,ALIVE_200,SITIO ACTIVO (moderno),Sitio web aparentemente funcional
134,Discount Roofing,+19367561170,"1110 N Loop 336 W # 220, Conroe, TX 77301",discountroofingeric@gmail.com,Propio (Gmail/Outlook de la empresa),https://discount-roofing.com/roofing-contractor-in-conroe-tx-service-area/,ALIVE_200,SITIO ACTIVO (moderno),Sitio web aparentemente funcional
135,Done Right Roofing & Construction,+19154120525,"1201 E Missouri Ave, El Paso, TX 79902",mannyramirez0309@gmail.com,Propio (Gmail/Outlook de la empresa),https://donerightroofingandconstruction.com/,ALIVE_200,SITIO ACTIVO (moderno),Sitio web aparentemente funcional
136,Dutchmark Roofing Beaumont Tx,+14097997663,"595 Orleans St #100, Beaumont, TX 77701",dutchmarkroofing@yahoo.com,Propio (Gmail/Outlook de la empresa),https://dutchmarkcontractors.com/,ALIVE_200,SITIO ACTIVO (moderno),Sitio web aparentemente funcional
137,Eagle Roofing & Construction,+18063405916,"3350 Olsen Blvd Suite 1500, Amarillo, TX 79109",office@eagleroofingamarillo.com,Propio (dominio de la empresa),https://eagleroofingamarillo.com/,ALIVE_200,SITIO ACTIVO (moderno),Sitio web aparentemente funcional
138,Elite Roofing LLC,+12142257663,"5900 S Lake Forest Dr #300, McKinney, TX 75070",info@eliteroofpro.com,Propio (dominio de la empresa),https://www.eliteroofpro.com/areas-we-serve/leading-roofer-in-mckinney,ALIVE_200,SITIO ACTIVO (moderno),Sitio web aparentemente funcional
139,Falcon Point Roofing,+15125506786,"1 Chisholm Trail Rd Suit 450, Round Rock, TX 78665",contact@falconpointroofing.com,Propio (dominio de la empresa),https://falconpointroofing.com/locations/round-rock-roofing-company/,ALIVE_200,SITIO ACTIVO (moderno),Sitio web aparentemente funcional
140,Falcon Roofing & Restoration,+12547496666,"17 N 2nd St #1011, Temple, TX 76501",info@falconroofingtexas.com,Propio (dominio de la empresa),https://falconroofingtexas.com/roofing-companies-near-me/temple-tx/,ALIVE_200,SITIO ACTIVO (moderno),Sitio web aparentemente funcional
141,Fetch Roofing,+19729280691,"4111 US-80 Ste 107, Mesquite, TX 75150",office@fetchroofing.com,Propio (dominio de la empresa),https://fetchroofing.com/,ALIVE_200,SITIO ACTIVO (moderno),Sitio web aparentemente funcional
142,Fireman’s Roofing and General Contractor LLC,+12143257014,"7101 S Custer Rd #4307, McKinney, TX 75070",don@firemansroofingtexas.com,Propio (dominio de la empresa),https://firemansroofingtexas.com/,ALIVE_403,SITIO ACTIVO (moderno),Sitio web aparentemente funcional
143,Five Star Roofing and Property Services,+16823457827,"3400 N Central Expy #121, Richardson, TX 75080",jay@fivestarprops.com,Propio (otro dominio),https://dfw-repairs.com/,ALIVE_200,SITIO ACTIVO (moderno),Sitio web aparentemente funcional
144,Forster Construction,+18067945600,"8602 Ash Ave D-1, Lubbock, TX 79404",forsterconstruction@hotmail.com,Propio (Gmail/Outlook de la empresa),https://forsterconstruction.com/,ALIVE_200,SITIO ACTIVO (moderno),Sitio web aparentemente funcional
145,Galindo Roofing Inc,+13256584890,"65 E Washington Dr, San Angelo, TX 76903",galindoroofing@yahoo.com,Propio (Gmail/Outlook de la empresa),https://galindoroofinginc.com/,ALIVE_200,SITIO ACTIVO (moderno),Sitio web aparentemente funcional
146,Garland Commercial Roofing,+19452127985,"115 N 9th St, Garland, TX 75040",info@garlandcommercialroofing.net,Propio (dominio de la empresa),https://garlandcommercialroofing.net/,ALIVE_200,SITIO ACTIVO (moderno),Sitio web aparentemente funcional
147,GOAT Roofing,+14695548899,"1510 Randolph St #405, Carrollton, TX 75006",manager@mygoatroofing.com,Propio (dominio de la empresa),https://www.mygoatroofing.com/,ALIVE_200,SITIO ACTIVO (moderno),Sitio web aparentemente funcional
148,Graves Roofing and Restoration,+12142053274,"2060 N Collins Blvd Suite 114A, Richardson, TX 75080",info@gravesroofing.com,Propio (dominio de la empresa),https://www.gravesroofing.com/?utm_source=google&utm_medium=organic&utm_campaign=google-business-profile&utm_content=richardson,ALIVE_200,SITIO ACTIVO (moderno),Sitio web aparentemente funcional
149,HailCat Roofing,+18329511394,"2525 N Frazier St Ste. 6300, Conroe, TX 77303",info@hailcatroofing.com,Propio (dominio de la empresa),https://hailcatroofing.com/,ALIVE_406,SITIO ACTIVO (moderno),Sitio web aparentemente funcional
150,HBC Roofing,+19564018025,"2319 San Dario Ave, Laredo, TX 78040",hbcroofing@outlook.com,Propio (Gmail/Outlook de la empresa),https://hbcroofing.us/,ALIVE_200,SITIO ACTIVO (moderno),Sitio web aparentemente funcional
151,Helsley Roofing Company,+19725788982,"6817 K Ave #102, Plano, TX 75074",info@helsleyroofing.com,Propio (dominio de la empresa),https://helsleyroofing.com/?utm_source=google&utm_medium=organic&utm_campaign=gmb,ALIVE_403,SITIO ACTIVO (moderno),Sitio web aparentemente funcional
152,Home Quality Solutions Roofing,+19727430331,"3839 McKinney Ave Suite 155-2417, Dallas, TX 75204",info@hqs.metamedia.cloud,Propio (otro dominio),https://homequalitysolutions.com/,ALIVE_200,SITIO ACTIVO (moderno),Sitio web aparentemente funcional
153,Houston Roofing Experts,+17132913866,"1430 Yale St, Houston, TX 77008",sales@houstonroofingexperts.com,Propio (dominio de la empresa),https://houstonroofingexperts.com/,ALIVE_403,SITIO ACTIVO (moderno),Sitio web aparentemente funcional
154,Imperium Roofing,+19729051702,"1000 Jupiter Rd #800, Plano, TX 75074",chase@imperium-roofing.com,Propio (dominio de la empresa),https://imperium-roofing.com/?utm_source=google&utm_medium=organic&utm_campaign=gbp_tracking,ALIVE_200,SITIO ACTIVO (moderno),Sitio web aparentemente funcional
155,Integrity Roofing & Siding,+12103407663,"4807 West Ave, San Antonio, TX 78213",info@integritysa.com,Propio (dominio de la empresa),https://integritysa.com/?utm_source=google&utm_medium=organic&utm_campaign=gbp,ALIVE_403,SITIO ACTIVO (moderno),Sitio web aparentemente funcional
156,Irving Commercial Roofing Company,+14696892661,"132 W Irving Blvd, Irving, TX 75060",info@irvingcommercialroofingcompany.net,Propio (dominio de la empresa),https://irvingcommercialroofingcompany.net/,ALIVE_200,SITIO ACTIVO (moderno),Sitio web aparentemente funcional
157,"J M Flores Roofing & Construction, Inc",+19567234334,"5805 US-59, Laredo, TX 78043",sales@jmfloresroofingandconstructioninc.com,Propio (dominio de la empresa),https://www.jmfloresroofingandconstructioninc.com/,ALIVE_200,SITIO ACTIVO (moderno),Sitio web aparentemente funcional
158,Ja-Mar Roofing & Sheet Metal - Abilene,+13256720204,"642 Pecan St, Abilene, TX 79602",sales@jamarroofing.com,Propio (dominio de la empresa),https://www.jamarroofing.com/abilene-roofers/?utm_source=google&utm_medium=gbp&utm_campaign=Abilene,ALIVE_200,SITIO ACTIVO (moderno),Sitio web aparentemente funcional
159,JCI Roofing Company,+19722454025,"3108 Old Denton Rd Apt 115, Carrollton, TX 75007",contact@jciroofing.com,Propio (dominio de la empresa),https://www.jciroofing.com/,ALIVE_200,SITIO ACTIVO (moderno),Sitio web aparentemente funcional
160,Kent Elliott Roofing,+13256552800,"128 W Washington Dr, San Angelo, TX 76903",ofm@kentelliottconstruction.com,Propio (otro dominio),https://www.kentelliottroofing.com/,ALIVE_200,SITIO ACTIVO (moderno),Sitio web aparentemente funcional
161,Kidd Roofing,+15126717791,"1212 E Anderson Ln #200, Austin, TX 78752",info@kiddroof.com,Propio (dominio de la empresa),https://www.kiddroof.com/austin-roofing/?utm_source=gmb&utm_medium=organic&utm_campaign=austin,ALIVE_200,SITIO ACTIVO (moderno),Sitio web aparentemente funcional
162,Kidd Roofing,+19728237663,"2916 W Story Rd, Irving, TX 75038",info@kiddroof.com,Propio (dominio de la empresa),https://www.kiddroof.com/dallas-roofing/?utm_source=gmb&utm_medium=organic&utm_campaign=irving,ALIVE_200,SITIO ACTIVO (moderno),Sitio web aparentemente funcional
163,Langford Roofing,+19037901964,"1727 Clearwood Dr, Longview, TX 75604",//www.google.com/maps/place/langford+roofing/@32.5103568,Propio (otro dominio),https://langfordroofingservice.com/,ALIVE_403,SITIO ACTIVO (moderno),Sitio web aparentemente funcional
164,Lon Smith Roofing & Construction,+18179268400,"904 E Waggoman St, Fort Worth, TX 76110",info@lonsmith.com,Propio (dominio de la empresa),https://www.lonsmith.com/,ALIVE_200,SITIO ACTIVO (moderno),Sitio web aparentemente funcional
165,Lonestar Roofing And Construction,+18884211688,"2400 Garden Park Ct, Arlington, TX 76013",info@lonestarrac.com,Propio (dominio de la empresa),https://lonestarrac.com/,ALIVE_200,SITIO ACTIVO (moderno),Sitio web aparentemente funcional
166,Major League Roofing,+14697087663,"2770 Main St #181, Frisco, TX 75033",susanryan3221@gmail.com,Propio (Gmail/Outlook de la empresa),https://mlroof.com/,ALIVE_200,SITIO ACTIVO (moderno),Sitio web aparentemente funcional
167,Mak Roofing & Construction,,"306 E Paisano Dr #587, El Paso, TX 79901",makconstruction.us@gmail.com,Propio (Gmail/Outlook de la empresa),https://elpasoroofings.com/,ALIVE_200,SITIO ACTIVO (moderno),Sitio web aparentemente funcional
168,Mammoth Roofing Services,+13252184448,"4005 Christoval Rd, San Angelo, TX 76903",info@usmammoth.com,Propio (dominio de la empresa),https://www.usmammoth.com/,ALIVE_200,SITIO ACTIVO (moderno),Sitio web aparentemente funcional
169,Marant Roofing & Construction,+19407611717,"1600 McGregor Ave, Wichita Falls, TX 76301",marantroofing@gmail.com,Propio (Gmail/Outlook de la empresa),https://www.marantroofingandconstruction.com/?utm_source=google&utm_medium=organic&utm_campaign=gbp,ALIVE_403,SITIO ACTIVO (moderno),Sitio web aparentemente funcional
170,Martinez Roofing 254 LLC,+12546905811,,martinezroofing254@yahoo.com,Propio (Gmail/Outlook de la empresa),https://martinezroofing254.com/,ALIVE_200,SITIO ACTIVO (moderno),Sitio web aparentemente funcional
171,Mataska Roofing,+19406915722,"2409 Cambridge Ave, Wichita Falls, TX 76308",mataskaroofingllc@gmail.com,Propio (Gmail/Outlook de la empresa),https://mataskaroofing.com/,ALIVE_200,SITIO ACTIVO (moderno),Sitio web aparentemente funcional
172,Maverick Roofing,+18067058373,"3223 S Loop 289 Ste 410, Lubbock, TX 79423",info@maverickroofing.com,Propio (dominio de la empresa),https://maverickroofing.com/,ALIVE_200,SITIO ACTIVO (moderno),Sitio web aparentemente funcional
173,Maya Brothers Roofing & Remodeling,+19453444130,"500 N Central Expy Suite 500, Plano, TX 75074",emiliano@mayabrothers.com,Propio (dominio de la empresa),https://www.mayabrothers.com/,ALIVE_200,SITIO ACTIVO (moderno),Sitio web aparentemente funcional
174,McKinney Roofing,+19723691011,"2117 Waterbrook Dr, McKinney, TX 75070",mckinney.roofer@gmail.com,Propio (Gmail/Outlook de la empresa),https://mckinneyroofing.net/,ALIVE_200,SITIO ACTIVO (moderno),Sitio web aparentemente funcional
175,Meis Roofing,+18177359031,"4617 Diaz Ave, Fort Worth, TX 76107",info@meisroofing.com,Propio (dominio de la empresa),https://meisroofing.com/roofing-locations/fort-worth-tx-roofer/?utm_source=gbp-fortworth&utm_medium=organic&utm_campaign=gbp-listing-main,ALIVE_200,SITIO ACTIVO (moderno),Sitio web aparentemente funcional
176,Mesquite Roofing & Construction,+19726813183,"701 TX-352, Mesquite, TX 75149",mesquiteroofingandconstruction@gmail.com,Propio (Gmail/Outlook de la empresa),https://mesquiteroofingandconstruction.com/?utm_source=omg-gbp&utm_medium=webclick,ALIVE_200,SITIO ACTIVO (moderno),Sitio web aparentemente funcional
177,MFB Roofing LLC,+19727412507,"3047 E Meadows Blvd suite a, Mesquite, TX 75150",john@mfbroofing.com,Propio (dominio de la empresa),https://mfbroofing.com/,ALIVE_200,SITIO ACTIVO (moderno),Sitio web aparentemente funcional
178,Montgomery Roofing - Waco Roofers,+12546551024,"219 S 4th St, Waco, TX 76701",info@roofstexas.com,Propio (dominio de la empresa),https://roofstexas.com/waco-roofers/,ALIVE_200,SITIO ACTIVO (moderno),Sitio web aparentemente funcional
179,Morales Roofers,+14693639649,"2022 113th St Suite 104, Grand Prairie, TX 75050",rm@moralesroofers.com,Propio (dominio de la empresa),https://www.moralesroofers.com/?utm_source=Google&utm_medium=Organic&utm_campaign=GMB&utm_id=Morales+Roofers,ALIVE_200,SITIO ACTIVO (moderno),Sitio web aparentemente funcional
180,Nailed It Roofing and Construction,+16823236128,"719 W Harris Rd Ste E20, Arlington, TX 76001",office@naileditroofer.com,Propio (dominio de la empresa),https://www.naileditroofer.com/,ALIVE_200,SITIO ACTIVO (moderno),Sitio web aparentemente funcional
181,New Elite Roofing,+12145644355,"2435 N Central Expy 12th floor, Richardson, TX 75080",ivan@neweliteroofing.com,Propio (dominio de la empresa),https://neweliteroofing.com/,ALIVE_200,SITIO ACTIVO (moderno),Sitio web aparentemente funcional
182,New View Roofing,+14697153817,"4722 Gaston Ave, Dallas, TX 75246",info@newviewroofing.com,Propio (dominio de la empresa),https://newviewroofing.com/?utm_source=google&utm_medium=organic&utm_campaign=gmb,ALIVE_200,SITIO ACTIVO (moderno),Sitio web aparentemente funcional
183,New View Roofing,+14696639730,"1213 Woodleigh Dr, Irving, TX 75061",info@newviewroofing.com,Propio (dominio de la empresa),https://newviewroofing.com/service-area/irving-tx/,ALIVE_200,SITIO ACTIVO (moderno),Sitio web aparentemente funcional
184,Next Level Roofing,+19567718491,"1312 Houston St ste 43, Laredo, TX 78040",victor@nextlevelroofingtx.com,Propio (dominio de la empresa),https://www.nextlevelroofingtx.com/,ALIVE_200,SITIO ACTIVO (moderno),Sitio web aparentemente funcional
185,Over the Top Roofing,+19403916773,"2025 Lake Crest Ln, Denton, TX 76208",%20ccracingtx7@yahoo.com,Propio (Gmail/Outlook de la empresa),https://ntxroofs.com/,ALIVE_200,SITIO ACTIVO (moderno),Sitio web aparentemente funcional
186,Patriot Roofing,+13252131923,"3274 S 27th St Ste 121, Abilene, TX 79605",patriotroofingsjt@yahoo.com,Propio (Gmail/Outlook de la empresa),https://texasroofcontractor.com/,ALIVE_200,SITIO ACTIVO (moderno),Sitio web aparentemente funcional
187,PB Roofing,+14328537270,"13311 W County Rd 122, Odessa, TX 79765",//www.google.com/maps/place/pb+roofing/@31.9056224,Propio (otro dominio),https://roofingpb.com/,ALIVE_200,SITIO ACTIVO (moderno),Sitio web aparentemente funcional
188,Peak Roofing and Construction,+19723357325,"6841 Ash St, Frisco, TX 75034",//www.google.com/maps/place/peak+roofing+systems/@33.158785,Propio (otro dominio),https://www.peakroofingconstruction.com/,ALIVE_200,SITIO ACTIVO (moderno),Sitio web aparentemente funcional
189,Pearland Roofing Company,+13462484996,"4205 W Broadway St Ste 205, Pearland, TX 77581",info@pearlandroofingcompany.com,Propio (dominio de la empresa),https://www.pearlandroofingcompany.com/,ALIVE_200,SITIO ACTIVO (moderno),Sitio web aparentemente funcional
190,Permian Roofing,+14323007694,"501 S Webster St, Midland, TX 79701",permianroofing@gmail.com,Propio (Gmail/Outlook de la empresa),https://permianroofing.net/midland,ALIVE_406,SITIO ACTIVO (moderno),Sitio web aparentemente funcional
191,Phillips Roofing,+13618153866,"3333 S Padre Island Dr #103, Corpus Christi, TX 78415",jeremy@phillipsroof.com,Propio (dominio de la empresa),https://phillipsroof.com/,ALIVE_200,SITIO ACTIVO (moderno),Sitio web aparentemente funcional
192,Pioneer United Roofing LLC,+12544584225,"304 N 8th St Ste 102, Killeen, TX 76541",pioneerunitedroofing@gmail.com,Propio (Gmail/Outlook de la empresa),https://www.pioneerutdroofing.com/,ALIVE_200,SITIO ACTIVO (moderno),Sitio web aparentemente funcional
193,Platinum Contracting LLC | Texas's Best Commercial/Residential Roofing Contractor,+18556757663,"2301 Executive Dr A, Garland, TX 75041",info@platinumcontract.com,Propio (dominio de la empresa),https://platinumcontract.com/,ALIVE_200,SITIO ACTIVO (moderno),Sitio web aparentemente funcional
194,Pride Roofing Xperts,+19562913440,"2815 Central Blvd E, Brownsville, TX 78520",sales@prideroofingxperts.com,Propio (dominio de la empresa),https://prideroofingxperts.com/,ALIVE_403,SITIO ACTIVO (moderno),Sitio web aparentemente funcional
195,Priority Roofing,+14696158193,"1420 W Mockingbird Ln Ste 540, Dallas, TX 75247",office@priorityroofs.com,Propio (dominio de la empresa),https://priorityroofs.com/location/dallas/,ALIVE_200,SITIO ACTIVO (moderno),Sitio web aparentemente funcional
196,Priority Roofing,+18066901127,"3505 Olsen Blvd # 104, Amarillo, TX 79109",amarillo@priorityroofs.com,Propio (dominio de la empresa),https://priorityroofs.com/location/amarillo/,ALIVE_200,SITIO ACTIVO (moderno),Sitio web aparentemente funcional
197,Priority Roofing,+18178231075,"9433 N Beach St #121, Fort Worth, TX 76244",ftworth@priorityroofs.com,Propio (dominio de la empresa),https://priorityroofs.com/location/fortworth/,ALIVE_200,SITIO ACTIVO (moderno),Sitio web aparentemente funcional
198,Priority Roofing,+12542995398,"4949 Franklin Ave Ste A, Waco, TX 76710",waco@priorityroofs.com,Propio (dominio de la empresa),https://priorityroofs.com/location/waco/,ALIVE_200,SITIO ACTIVO (moderno),Sitio web aparentemente funcional
199,Pristine Roofing and Construction,+18065570060,"3350 Olsen Blvd #2000, Amarillo, TX 79109",hello@pristineroof.com,Propio (dominio de la empresa),https://www.pristineroof.com/,ALIVE_200,SITIO ACTIVO (moderno),Sitio web aparentemente funcional
200,Pro American Roofing,+19453407256,"226 Commercial St, Garland, TX 75040",email@gmail.com,Propio (Gmail/Outlook de la empresa),https://proamericanroofing.com/,ALIVE_200,SITIO ACTIVO (moderno),Sitio web aparentemente funcional
