Email,Company,City,Website,Estado,Template,Subject,ProblemLine,Sent
mbeery@e5roofing.com,E-5 Roofing LLC,your area,https://www.facebook.com/profile.php?id=100086318984256&mibextid=kFxxJD,PLATAFORMA GRATUITA,A,Quick question about E-5 Roofing LLC's website,I looked up E-5 Roofing LLC online and noticed your only web presence is a Facebook page — there's no real website where homeowners can find you.,
Help@hhroofs.com,His and Hers Construction,Orlando,http://www.hhroofs.com/,SIN HTTPS (OBSOLETA),B,Noticed something on His and Hers Construction's website,"I came across His and Hers Construction's website and noticed it still loads over an outdated, non-secure connection — Chrome actually shows visitors a ""Not secure"" warning before they even see your work.",
info@captivaroofing.com,Captiva Roofing,Fort Myers,http://www.captivaroofing.com/,SIN HTTPS (OBSOLETA),B,Noticed something on Captiva Roofing's website,"I came across Captiva Roofing's website and noticed it still loads over an outdated, non-secure connection — Chrome actually shows visitors a ""Not secure"" warning before they even see your work.",
info@internationalroofs.com,International Roofing,Fort Myers,http://internationalroofs.com/,SIN HTTPS (OBSOLETA),B,Noticed something on International Roofing's website,"I came across International Roofing's website and noticed it still loads over an outdated, non-secure connection — Chrome actually shows visitors a ""Not secure"" warning before they even see your work.",
info@dolphinroofing.com,Dolphin Roofing - Roof Repair & Replacement,Oakland Park,http://dolphinroofing.com/,SIN HTTPS (OBSOLETA),B,Noticed something on Dolphin Roofing - Roof Repair & Replacement's website,"I came across Dolphin Roofing - Roof Repair & Replacement's website and noticed it still loads over an outdated, non-secure connection — Chrome actually shows visitors a ""Not secure"" warning before they even see your work. It also doesn't adjust to phones, which is where most homeowners search for a roofer these days.",
ronrussellroofing@gmail.com,"Ron Russell Roofing, Inc",Jacksonville,http://www.ronrussellroofing.com/,SIN HTTPS (OBSOLETA),B,"Noticed something on Ron Russell Roofing, Inc's website","I came across Ron Russell Roofing, Inc's website and noticed it still loads over an outdated, non-secure connection — Chrome actually shows visitors a ""Not secure"" warning before they even see your work.",
feeneyroofing@aol.com,John Feeney Roofing,Sarasota,http://johnfeeneyroofing.com/,SIN HTTPS (OBSOLETA),B,Noticed something on John Feeney Roofing's website,"I came across John Feeney Roofing's website and noticed it still loads over an outdated, non-secure connection — Chrome actually shows visitors a ""Not secure"" warning before they even see your work.",
info@roofingservice.com,Hollywood Roofers,Hollywood,http://roofershollywoodfl.com/,SIN HTTPS (OBSOLETA),B,Noticed something on Hollywood Roofers's website,"I came across Hollywood Roofers's website and noticed it still loads over an outdated, non-secure connection — Chrome actually shows visitors a ""Not secure"" warning before they even see your work.",
usaroofingac@gmail.com,USA Roofing and Construction Inc,Hollywood,http://usaroofingandconstructioninc.com/,SIN HTTPS (OBSOLETA),B,Noticed something on USA Roofing and Construction Inc's website,"I came across USA Roofing and Construction Inc's website and noticed it still loads over an outdated, non-secure connection — Chrome actually shows visitors a ""Not secure"" warning before they even see your work.",
info@lovemichigan.net,Victory E&I Roofing And Construction LLC,Hollywood,http://www.victoryroofer.com/,SIN HTTPS (OBSOLETA),B,Noticed something on Victory E&I Roofing And Construction LLC's website,"I came across Victory E&I Roofing And Construction LLC's website and noticed it still loads over an outdated, non-secure connection — Chrome actually shows visitors a ""Not secure"" warning before they even see your work.",
info@maze-roofing.com,Maze Roofing Fort Lauderdale,Fort Lauderdale,http://maze-roofing.com/,SIN HTTPS (OBSOLETA),B,Noticed something on Maze Roofing Fort Lauderdale's website,"I came across Maze Roofing Fort Lauderdale's website and noticed it still loads over an outdated, non-secure connection — Chrome actually shows visitors a ""Not secure"" warning before they even see your work.",
tony@aboutitallroofing.com,About it All Roofing and Construction,Port St. Lucie,http://aboutitallroofing.com/,SIN HTTPS (OBSOLETA),B,Noticed something on About it All Roofing and Construction's website,"I came across About it All Roofing and Construction's website and noticed it still loads over an outdated, non-secure connection — Chrome actually shows visitors a ""Not secure"" warning before they even see your work.",
noah@roofologyroofing.com,Roofology Roofing South Florida,Hollywood,http://roofologysouthflorida.com/,SIN HTTPS (OBSOLETA),B,Noticed something on Roofology Roofing South Florida's website,"I came across Roofology Roofing South Florida's website and noticed it still loads over an outdated, non-secure connection — Chrome actually shows visitors a ""Not secure"" warning before they even see your work. It also doesn't adjust to phones, which is where most homeowners search for a roofer these days. On top of that the page is nearly empty, so it isn't really bringing you any jobs.",
Info@Robersonroofinginc.com,Roberson Roofing Inc.,Ormond Beach,http://www.robersonroofinginc.com/,SIN HTTPS (OBSOLETA),B,Noticed something on Roberson Roofing Inc.'s website,"I came across Roberson Roofing Inc.'s website and noticed it still loads over an outdated, non-secure connection — Chrome actually shows visitors a ""Not secure"" warning before they even see your work.",
heartroofing@gmail.com,Heart Roofing LLC,Melbourne,http://heartroofingflorida.com/,SIN HTTPS (OBSOLETA),B,Noticed something on Heart Roofing LLC's website,"I came across Heart Roofing LLC's website and noticed it still loads over an outdated, non-secure connection — Chrome actually shows visitors a ""Not secure"" warning before they even see your work.",
FAIRCLOTHROOFING@AOL.COM,Bert Faircloth Roofing Inc,Daytona Beach,http://www.bertfairclothroofing.com/,SIN HTTPS (OBSOLETA),B,Noticed something on Bert Faircloth Roofing Inc's website,"I came across Bert Faircloth Roofing Inc's website and noticed it still loads over an outdated, non-secure connection — Chrome actually shows visitors a ""Not secure"" warning before they even see your work.",
weatheredroofing@gmail.com,Weathered Roofing,Melbourne,http://www.weatheredroofing.com/,SIN HTTPS (OBSOLETA),B,Noticed something on Weathered Roofing's website,"I came across Weathered Roofing's website and noticed it still loads over an outdated, non-secure connection — Chrome actually shows visitors a ""Not secure"" warning before they even see your work.",
info@fixdroofing.com,FIXD Roofing LLC,Port St. Lucie,http://www.fixdroofing.com/,SIN HTTPS (OBSOLETA),B,Noticed something on FIXD Roofing LLC's website,"I came across FIXD Roofing LLC's website and noticed it still loads over an outdated, non-secure connection — Chrome actually shows visitors a ""Not secure"" warning before they even see your work. It also doesn't adjust to phones, which is where most homeowners search for a roofer these days. On top of that the page is nearly empty, so it isn't really bringing you any jobs.",
info@jalroofinginc.com,"J.A.L. Roofing, Inc",Melbourne,http://www.jalroofinginc.com/,SIN HTTPS (OBSOLETA),B,"Noticed something on J.A.L. Roofing, Inc's website","I came across J.A.L. Roofing, Inc's website and noticed it still loads over an outdated, non-secure connection — Chrome actually shows visitors a ""Not secure"" warning before they even see your work.",
info@sarasotacontractors.com,Roofing Sarasota,Sarasota,http://www.roofingsarasota.com/,SIN HTTPS (OBSOLETA),B,Noticed something on Roofing Sarasota's website,"I came across Roofing Sarasota's website and noticed it still loads over an outdated, non-secure connection — Chrome actually shows visitors a ""Not secure"" warning before they even see your work.",
officeadmin@legacyroofingsrq.com,Legacy Roofing SRQ,Sarasota,http://legacyroofingsrq.com/,SIN HTTPS (OBSOLETA),B,Noticed something on Legacy Roofing SRQ's website,"I came across Legacy Roofing SRQ's website and noticed it still loads over an outdated, non-secure connection — Chrome actually shows visitors a ""Not secure"" warning before they even see your work.",
office@yoderroofinginc.com,Yoder Roofing,Sarasota,http://yoderroofinginc.com/,SIN HTTPS (OBSOLETA),B,Noticed something on Yoder Roofing's website,"I came across Yoder Roofing's website and noticed it still loads over an outdated, non-secure connection — Chrome actually shows visitors a ""Not secure"" warning before they even see your work.",
info@sarasotaroofingcompany.com,Sarasota Roofing Company Inc,Sarasota,http://sarasotaroofingcompany.com/,SIN HTTPS (OBSOLETA),B,Noticed something on Sarasota Roofing Company Inc's website,"I came across Sarasota Roofing Company Inc's website and noticed it still loads over an outdated, non-secure connection — Chrome actually shows visitors a ""Not secure"" warning before they even see your work.",
totalroofinginc@yahoo.com,Total Roofing Contractors,Bradenton,http://www.totalroofing.net/,SIN HTTPS (OBSOLETA),B,Noticed something on Total Roofing Contractors's website,"I came across Total Roofing Contractors's website and noticed it still loads over an outdated, non-secure connection — Chrome actually shows visitors a ""Not secure"" warning before they even see your work. It also doesn't adjust to phones, which is where most homeowners search for a roofer these days.",
roof@harvathroofing.com,Harvath Roofing Inc.,Bradenton,http://www.harvathroofing.com/,SIN HTTPS (OBSOLETA),B,Noticed something on Harvath Roofing Inc.'s website,"I came across Harvath Roofing Inc.'s website and noticed it still loads over an outdated, non-secure connection — Chrome actually shows visitors a ""Not secure"" warning before they even see your work. It also doesn't adjust to phones, which is where most homeowners search for a roofer these days.",
//www.google.com/maps/place/Storm+Roofing+and+Repair/@35.1820149,Storm Roofing and Repair,Bradenton,http://www.stormroofingandrepair.com/?utm_source=omg-gbp&utm_medium=webclick,SIN HTTPS (OBSOLETA),B,Noticed something on Storm Roofing and Repair's website,"I came across Storm Roofing and Repair's website and noticed it still loads over an outdated, non-secure connection — Chrome actually shows visitors a ""Not secure"" warning before they even see your work.",
info@qdrusa.com,Quality Discount Roofing & Construction,Jacksonville,http://www.qdrusa.com/,SIN HTTPS (OBSOLETA),B,Noticed something on Quality Discount Roofing & Construction's website,"I came across Quality Discount Roofing & Construction's website and noticed it still loads over an outdated, non-secure connection — Chrome actually shows visitors a ""Not secure"" warning before they even see your work.",
Hulksconstruction@gmail.com,Hulks Construction & Roofing,Pensacola,http://hulksroofing.com/,SIN HTTPS (OBSOLETA),B,Noticed something on Hulks Construction & Roofing's website,"I came across Hulks Construction & Roofing's website and noticed it still loads over an outdated, non-secure connection — Chrome actually shows visitors a ""Not secure"" warning before they even see your work.",
admin@beaverroofs.con,Beaver Roofing LLC,Ocala,http://www.beaverroofs.com/,SIN HTTPS (OBSOLETA),B,Noticed something on Beaver Roofing LLC's website,"I came across Beaver Roofing LLC's website and noticed it still loads over an outdated, non-secure connection — Chrome actually shows visitors a ""Not secure"" warning before they even see your work.",
admin@volusiaflaglerroofing.com,"Volusia-Flagler Roofing, LLC",Daytona Beach,http://volusiaflaglerroofing.com/,SIN HTTPS (OBSOLETA),B,"Noticed something on Volusia-Flagler Roofing, LLC's website","I came across Volusia-Flagler Roofing, LLC's website and noticed it still loads over an outdated, non-secure connection — Chrome actually shows visitors a ""Not secure"" warning before they even see your work. It also doesn't adjust to phones, which is where most homeowners search for a roofer these days. On top of that the page is nearly empty, so it isn't really bringing you any jobs.",
info@bigdroofs.com,Big D Don Stauss Roofing Services,Ocala,http://www.bigdroofs.com/,SIN HTTPS (OBSOLETA),B,Noticed something on Big D Don Stauss Roofing Services's website,"I came across Big D Don Stauss Roofing Services's website and noticed it still loads over an outdated, non-secure connection — Chrome actually shows visitors a ""Not secure"" warning before they even see your work.",
Wrightroofing15@gmail.com,Wright Roofing Company,your area,http://www.wrightroofingservices.com/,SIN HTTPS (OBSOLETA),B,Noticed something on Wright Roofing Company's website,"I came across Wright Roofing Company's website and noticed it still loads over an outdated, non-secure connection — Chrome actually shows visitors a ""Not secure"" warning before they even see your work.",
Jason@GuyBrothersSiding.com,Guy Brothers Roofing and Siding,Pensacola,http://www.guybrothersroofing.com/,SIN HTTPS (OBSOLETA),B,Noticed something on Guy Brothers Roofing and Siding's website,"I came across Guy Brothers Roofing and Siding's website and noticed it still loads over an outdated, non-secure connection — Chrome actually shows visitors a ""Not secure"" warning before they even see your work.",
gatorroofing@tampabay.rr.com,"Gator Roofing, Inc.",Bradenton,http://www.gatorroofing.com/,SIN HTTPS (OBSOLETA),B,"Noticed something on Gator Roofing, Inc.'s website","I came across Gator Roofing, Inc.'s website and noticed it still loads over an outdated, non-secure connection — Chrome actually shows visitors a ""Not secure"" warning before they even see your work. It also doesn't adjust to phones, which is where most homeowners search for a roofer these days. On top of that the page is nearly empty, so it isn't really bringing you any jobs.",
eprcowner@gmail.com,Elite-Pro Roofing and Construction,Pensacola,http://eprcusa.com/,SIN HTTPS (OBSOLETA),B,Noticed something on Elite-Pro Roofing and Construction's website,"I came across Elite-Pro Roofing and Construction's website and noticed it still loads over an outdated, non-secure connection — Chrome actually shows visitors a ""Not secure"" warning before they even see your work.",
INFO@BUILDWITHMD.COM,"Build with MD — Pittsburgh, PA Residential & Commercial General Contracting",Beaver Falls,http://www.buildwithmd.com/,SIN HTTPS (OBSOLETA),B,"Noticed something on Build with MD — Pittsburgh, PA Residential & Commercial General Contracting's website","I came across Build with MD — Pittsburgh, PA Residential & Commercial General Contracting's website and noticed it still loads over an outdated, non-secure connection — Chrome actually shows visitors a ""Not secure"" warning before they even see your work.",
info@canopyroofers.com,Canopy Roofing Inc,Miami,http://www.canopyroofers.com/,SIN HTTPS (OBSOLETA),B,Noticed something on Canopy Roofing Inc's website,"I came across Canopy Roofing Inc's website and noticed it still loads over an outdated, non-secure connection — Chrome actually shows visitors a ""Not secure"" warning before they even see your work.",
estimates@stpetersburgroofreplacement.com,St Petersburg Roof Replacement,St. Petersburg,http://stpetersburgroofreplacement.com/,SIN HTTPS (OBSOLETA),B,Noticed something on St Petersburg Roof Replacement's website,"I came across St Petersburg Roof Replacement's website and noticed it still loads over an outdated, non-secure connection — Chrome actually shows visitors a ""Not secure"" warning before they even see your work.",
info@goldsealroof.com,"Gold Seal Roofing, LLC",St. Petersburg,http://www.goldsealroof.com/,SIN HTTPS (OBSOLETA),B,"Noticed something on Gold Seal Roofing, LLC's website","I came across Gold Seal Roofing, LLC's website and noticed it still loads over an outdated, non-secure connection — Chrome actually shows visitors a ""Not secure"" warning before they even see your work.",
info@miketheroofer.ca,Mike The Roofer Inc.,your area,http://www.miketheroofer.ca/,SIN HTTPS (OBSOLETA),B,Noticed something on Mike The Roofer Inc.'s website,"I came across Mike The Roofer Inc.'s website and noticed it still loads over an outdated, non-secure connection — Chrome actually shows visitors a ""Not secure"" warning before they even see your work.",
freemanroofingandconstruction@gmail.com,Freeman Roofing,Milton,http://www.freemanroofing.com/,SIN HTTPS (OBSOLETA),B,Noticed something on Freeman Roofing's website,"I came across Freeman Roofing's website and noticed it still loads over an outdated, non-secure connection — Chrome actually shows visitors a ""Not secure"" warning before they even see your work.",
info@weststarroofs.com,WestStar Roofing and Construction,St. Petersburg,http://www.weststarroofs.com/,SIN HTTPS (OBSOLETA),B,Noticed something on WestStar Roofing and Construction's website,"I came across WestStar Roofing and Construction's website and noticed it still loads over an outdated, non-secure connection — Chrome actually shows visitors a ""Not secure"" warning before they even see your work.",
info@scottifamilyroofing.com,Scotti Family Roofing LLC,your area,http://scottifamilyroofing.com/,SIN HTTPS (OBSOLETA),B,Noticed something on Scotti Family Roofing LLC's website,"I came across Scotti Family Roofing LLC's website and noticed it still loads over an outdated, non-secure connection — Chrome actually shows visitors a ""Not secure"" warning before they even see your work.",
info@bravosroof.com,"Bravo's Roofing, Inc.",West Palm Beach,http://bravosroof.com/,SIN HTTPS (OBSOLETA),B,"Noticed something on Bravo's Roofing, Inc.'s website","I came across Bravo's Roofing, Inc.'s website and noticed it still loads over an outdated, non-secure connection — Chrome actually shows visitors a ""Not secure"" warning before they even see your work.",
info@maze-roofing.com,Maze Roofing Boca Raton,Boca Raton,http://maze-roofing.com/,SIN HTTPS (OBSOLETA),B,Noticed something on Maze Roofing Boca Raton's website,"I came across Maze Roofing Boca Raton's website and noticed it still loads over an outdated, non-secure connection — Chrome actually shows visitors a ""Not secure"" warning before they even see your work.",
GullettRoofing@Hotmail.com,Gullett Roofing,Lakeland,http://www.gullettroofing.com/,SIN HTTPS (OBSOLETA),B,Noticed something on Gullett Roofing's website,"I came across Gullett Roofing's website and noticed it still loads over an outdated, non-secure connection — Chrome actually shows visitors a ""Not secure"" warning before they even see your work.",
office@MainlandRoofing.com,Mainland Roofing Company,Miami,http://mainlandroofing.com/,SIN HTTPS (OBSOLETA),B,Noticed something on Mainland Roofing Company's website,"I came across Mainland Roofing Company's website and noticed it still loads over an outdated, non-secure connection — Chrome actually shows visitors a ""Not secure"" warning before they even see your work.",
onealsroofing@gmail.com,O'Neal's Roofing Co.,Polk City,http://www.onealsroofing.com/,SIN HTTPS (OBSOLETA),B,Noticed something on O'Neal's Roofing Co.'s website,"I came across O'Neal's Roofing Co.'s website and noticed it still loads over an outdated, non-secure connection — Chrome actually shows visitors a ""Not secure"" warning before they even see your work.",
info@dempseyroofing.com,"Dempsey Roofing Company, Inc.",Lakeland,http://dempseyroofing.com/,SIN HTTPS (OBSOLETA),B,"Noticed something on Dempsey Roofing Company, Inc.'s website","I came across Dempsey Roofing Company, Inc.'s website and noticed it still loads over an outdated, non-secure connection — Chrome actually shows visitors a ""Not secure"" warning before they even see your work.",
michael@mcfallbuilders.com,McFall Residential Roofing,Gainesville,http://mcfallroofing.com/,SIN HTTPS (OBSOLETA),B,Noticed something on McFall Residential Roofing's website,"I came across McFall Residential Roofing's website and noticed it still loads over an outdated, non-secure connection — Chrome actually shows visitors a ""Not secure"" warning before they even see your work.",
info@trueforceroofing.com,True Force Roofing,Gainesville,http://www.trueforceroofing.com/,SIN HTTPS (OBSOLETA),B,Noticed something on True Force Roofing's website,"I came across True Force Roofing's website and noticed it still loads over an outdated, non-secure connection — Chrome actually shows visitors a ""Not secure"" warning before they even see your work.",
info@pureroofingva.com,Pure Roofing,Manassas,http://www.pureroofingva.com/,SIN HTTPS (OBSOLETA),B,Noticed something on Pure Roofing's website,"I came across Pure Roofing's website and noticed it still loads over an outdated, non-secure connection — Chrome actually shows visitors a ""Not secure"" warning before they even see your work.",
info@jandscontruct.com,J & S Roofing and Construction Inc.,Gainesville,http://www.jandsconstruct.com/,SIN HTTPS (OBSOLETA),B,Noticed something on J & S Roofing and Construction Inc.'s website,"I came across J & S Roofing and Construction Inc.'s website and noticed it still loads over an outdated, non-secure connection — Chrome actually shows visitors a ""Not secure"" warning before they even see your work.",
jdroofinginc@gmail.com,"JD Roofing & General Contractors, Corp",your area,http://www.jdroofinginc.com/,SIN HTTPS (OBSOLETA),B,"Noticed something on JD Roofing & General Contractors, Corp's website","I came across JD Roofing & General Contractors, Corp's website and noticed it still loads over an outdated, non-secure connection — Chrome actually shows visitors a ""Not secure"" warning before they even see your work.",
albrightfamilyroofing@gmail.com,Albright Family Roofing INC,Clearwater,http://albrightfamilyroofing.com/,SIN HTTPS (OBSOLETA),B,Noticed something on Albright Family Roofing INC's website,"I came across Albright Family Roofing INC's website and noticed it still loads over an outdated, non-secure connection — Chrome actually shows visitors a ""Not secure"" warning before they even see your work.",
Office@TriumphRoofing.org,Triumph Roofing,Clearwater,http://www.triumphroofing.org/,SIN HTTPS (OBSOLETA),B,Noticed something on Triumph Roofing's website,"I came across Triumph Roofing's website and noticed it still loads over an outdated, non-secure connection — Chrome actually shows visitors a ""Not secure"" warning before they even see your work.",
%20office@flrescomroofing.com,Florida ResCom Roofing Inc.,Clearwater,http://flrescomroofing.com/,SIN HTTPS (OBSOLETA),B,Noticed something on Florida ResCom Roofing Inc.'s website,"I came across Florida ResCom Roofing Inc.'s website and noticed it still loads over an outdated, non-secure connection — Chrome actually shows visitors a ""Not secure"" warning before they even see your work.",
orders@quickroofing.com,Quick Roofing - Central FL,Lakeland,http://www.quickroofing.com/,SIN HTTPS (OBSOLETA),B,Noticed something on Quick Roofing - Central FL's website,"I came across Quick Roofing - Central FL's website and noticed it still loads over an outdated, non-secure connection — Chrome actually shows visitors a ""Not secure"" warning before they even see your work.",
admin@swrflorida.com,Statewide Roofing & Sheet Metal Inc.,Lakeland,http://www.swrflorida.com/,SIN HTTPS (OBSOLETA),B,Noticed something on Statewide Roofing & Sheet Metal Inc.'s website,"I came across Statewide Roofing & Sheet Metal Inc.'s website and noticed it still loads over an outdated, non-secure connection — Chrome actually shows visitors a ""Not secure"" warning before they even see your work.",
info@lightningfastroofing.com,Lightning Fast Roofing and Solar,Clearwater,http://lightningfastroofing.com/,SIN HTTPS (OBSOLETA),B,Noticed something on Lightning Fast Roofing and Solar's website,"I came across Lightning Fast Roofing and Solar's website and noticed it still loads over an outdated, non-secure connection — Chrome actually shows visitors a ""Not secure"" warning before they even see your work.",
info@streamlineroofing.com,"Streamline Roofing & Construction, Inc.",Tallahassee,http://www.streamlineroofing.com/,SIN HTTPS (OBSOLETA),B,"Noticed something on Streamline Roofing & Construction, Inc.'s website","I came across Streamline Roofing & Construction, Inc.'s website and noticed it still loads over an outdated, non-secure connection — Chrome actually shows visitors a ""Not secure"" warning before they even see your work.",
contact@floridamagna.com,Magna Homes & Roofing,Cape Coral,http://www.floridamagna.com/,SIN HTTPS (OBSOLETA),B,Noticed something on Magna Homes & Roofing's website,"I came across Magna Homes & Roofing's website and noticed it still loads over an outdated, non-secure connection — Chrome actually shows visitors a ""Not secure"" warning before they even see your work.",
info@dcroofingfl.com,DC ROOFING FL,Naples,http://www.dcroofingfl.com/?utm_source=gbp&utm_medium=Organic&utm_campaign=1seo_gbp,SIN HTTPS (OBSOLETA),B,Noticed something on DC ROOFING FL's website,"I came across DC ROOFING FL's website and noticed it still loads over an outdated, non-secure connection — Chrome actually shows visitors a ""Not secure"" warning before they even see your work.",
naplesroofinginc@gmail.com,Naples Roofing Inc,Naples,http://naplesroofinginc.com/,SIN HTTPS (OBSOLETA),B,Noticed something on Naples Roofing Inc's website,"I came across Naples Roofing Inc's website and noticed it still loads over an outdated, non-secure connection — Chrome actually shows visitors a ""Not secure"" warning before they even see your work.",
leads@roofsmartflorida.com,Roof Smart of SW Florida,Cape Coral,http://roofsmartflorida.com/,SIN HTTPS (OBSOLETA),B,Noticed something on Roof Smart of SW Florida's website,"I came across Roof Smart of SW Florida's website and noticed it still loads over an outdated, non-secure connection — Chrome actually shows visitors a ""Not secure"" warning before they even see your work.",
lakelandroofingsolutions@gmail.com,Lakeland Roofing Solutions,Lakeland,http://www.lakelandroofingsolutions.com/,SIN HTTPS (OBSOLETA),B,Noticed something on Lakeland Roofing Solutions's website,"I came across Lakeland Roofing Solutions's website and noticed it still loads over an outdated, non-secure connection — Chrome actually shows visitors a ""Not secure"" warning before they even see your work.",
Tiffany@roofexchange.com,"Roof Exchange, LLC",Kissimmee,http://www.roofexchange.com/,SIN HTTPS (OBSOLETA),B,"Noticed something on Roof Exchange, LLC's website","I came across Roof Exchange, LLC's website and noticed it still loads over an outdated, non-secure connection — Chrome actually shows visitors a ""Not secure"" warning before they even see your work.",
info@anchoruproofing.com,Anchor Up Roofing Windows & Doors,Hialeah,http://anchoruproofing.com/?utm_source=gmb&utm_medium=referral,SIN HTTPS (OBSOLETA),B,Noticed something on Anchor Up Roofing Windows & Doors's website,"I came across Anchor Up Roofing Windows & Doors's website and noticed it still loads over an outdated, non-secure connection — Chrome actually shows visitors a ""Not secure"" warning before they even see your work.",
office@gcroofing.com,Gulf Coast Roofing Co Inc,Naples,http://www.gcroofing.com/,SIN HTTPS (OBSOLETA),B,Noticed something on Gulf Coast Roofing Co Inc's website,"I came across Gulf Coast Roofing Co Inc's website and noticed it still loads over an outdated, non-secure connection — Chrome actually shows visitors a ""Not secure"" warning before they even see your work.",
roofingsfla@gmail.com,Dependable Roofing Contractors of South Florida,Hialeah,http://www.roofingsfla.com/,SIN HTTPS (OBSOLETA),B,Noticed something on Dependable Roofing Contractors of South Florida's website,"I came across Dependable Roofing Contractors of South Florida's website and noticed it still loads over an outdated, non-secure connection — Chrome actually shows visitors a ""Not secure"" warning before they even see your work. It also doesn't adjust to phones, which is where most homeowners search for a roofer these days. On top of that the page is nearly empty, so it isn't really bringing you any jobs.",
office@imperialroofingcompany.com,IRC- Imperial Roofing Company,Cape Coral,http://imperialroofingcompany.com/,SIN HTTPS (OBSOLETA),B,Noticed something on IRC- Imperial Roofing Company's website,"I came across IRC- Imperial Roofing Company's website and noticed it still loads over an outdated, non-secure connection — Chrome actually shows visitors a ""Not secure"" warning before they even see your work. It also doesn't adjust to phones, which is where most homeowners search for a roofer these days. On top of that the page is nearly empty, so it isn't really bringing you any jobs.",
