Nombre de la empresa,Numero de telefono,Direccion de la empresa,Correo electronico oficial,Sitio web,Estado del sitio web,Diagnostico,Ciudad,Ficha Google Maps
E-5 Roofing LLC,(386) 843-7663,,mbeery@e5roofing.com,https://www.facebook.com/profile.php?id=100086318984256&mibextid=kFxxJD,PLATAFORMA GRATUITA,solo Facebook,,https://www.google.com/maps/search/?api=1&query=E-5%20Roofing%20LLC&query_place_id=ChIJc6z_glLD1A4RG2BN5m55R7w
His and Hers Construction,(407) 203-4825,"515 18th St, Orlando, FL 32805",Help@hhroofs.com,http://www.hhroofs.com/,SIN HTTPS (OBSOLETA),sin HTTPS (inseguro/viejo),Orlando,https://www.google.com/maps/search/?api=1&query=His%20and%20Hers%20Construction&query_place_id=ChIJCxk2B25754gReiXahkicSKA
Captiva Roofing,(239) 567-9810,"8801 Business Park Dr #209, Fort Myers, FL 33912",info@captivaroofing.com,http://www.captivaroofing.com/,SIN HTTPS (OBSOLETA),sin HTTPS (inseguro/viejo),Fort Myers,https://www.google.com/maps/search/?api=1&query=Captiva%20Roofing&query_place_id=ChIJvYdka5uhN6kRAGa1hmVNy6M
International Roofing,(239) 202-8103,"16190 Lee Rd #220, Fort Myers, FL 33912",info@internationalroofs.com,http://internationalroofs.com/,SIN HTTPS (OBSOLETA),sin HTTPS (inseguro/viejo),Fort Myers,https://www.google.com/maps/search/?api=1&query=International%20Roofing&query_place_id=ChIJuVXjcCNr24gRmSYZ8E4aqHo
Dolphin Roofing - Roof Repair & Replacement,(954) 655-2424,"1524 NE 36th St, Oakland Park, FL 33334",info@dolphinroofing.com,http://dolphinroofing.com/,SIN HTTPS (OBSOLETA),sin HTTPS (inseguro/viejo); no responsive (sin mobile),Oakland Park,https://www.google.com/maps/search/?api=1&query=Dolphin%20Roofing%20-%20Roof%20Repair%20%26%20Replacement&query_place_id=ChIJ98ndrDgC2YgRUdRTOZo0iKI
"Ron Russell Roofing, Inc",(904) 714-1907,"2618 University Blvd W, Jacksonville, FL 32217",ronrussellroofing@gmail.com,http://www.ronrussellroofing.com/,SIN HTTPS (OBSOLETA),sin HTTPS (inseguro/viejo),Jacksonville,https://www.google.com/maps/search/?api=1&query=Ron%20Russell%20Roofing%2C%20Inc&query_place_id=ChIJcdVHERS25YgR1Sc_53f0_yo
John Feeney Roofing,(941) 379-3111,"818 Cattlemen Rd Unit B, Sarasota, FL 34232",feeneyroofing@aol.com,http://johnfeeneyroofing.com/,SIN HTTPS (OBSOLETA),sin HTTPS (inseguro/viejo),Sarasota,https://www.google.com/maps/search/?api=1&query=John%20Feeney%20Roofing&query_place_id=ChIJw0UnWmpHw4gRWOj3LqVcNOI
Hollywood Roofers,(954) 699-0309,"2351 Thomas St, Hollywood, FL 33020",info@roofingservice.com,http://roofershollywoodfl.com/,SIN HTTPS (OBSOLETA),sin HTTPS (inseguro/viejo),Hollywood,https://www.google.com/maps/search/?api=1&query=Hollywood%20Roofers&query_place_id=ChIJ32lQXUCr2YgR3gYhVpggHBg
USA Roofing and Construction Inc,(954) 951-2550,"1118 N 46th Terrace, Hollywood, FL 33021",usaroofingac@gmail.com,http://usaroofingandconstructioninc.com/,SIN HTTPS (OBSOLETA),sin HTTPS (inseguro/viejo),Hollywood,https://www.google.com/maps/search/?api=1&query=USA%20Roofing%20and%20Construction%20Inc&query_place_id=ChIJY4UwDYar2YgRSLSK9kMrypg
Victory E&I Roofing And Construction LLC,(954) 626-0667,"921 N 21st Ave, Hollywood, FL 33020",info@lovemichigan.net,http://www.victoryroofer.com/,SIN HTTPS (OBSOLETA),sin HTTPS (inseguro/viejo),Hollywood,https://www.google.com/maps/search/?api=1&query=Victory%20E%26I%20Roofing%20And%20Construction%20LLC&query_place_id=ChIJWSHS_Jip2YgRZ-QDJTr50mg
Maze Roofing Fort Lauderdale,(754) 258-4590,"5731 NE 14th Ave Unit B, Fort Lauderdale, FL 33334",info@maze-roofing.com,http://maze-roofing.com/,SIN HTTPS (OBSOLETA),sin HTTPS (inseguro/viejo),Fort Lauderdale,https://www.google.com/maps/search/?api=1&query=Maze%20Roofing%20Fort%20Lauderdale&query_place_id=ChIJHe5kDXsD2YgRyrJQmVG7jN4
About it All Roofing and Construction,(772) 292-9595,"2961 SW Vittorio St, Port St. Lucie, FL 34953",tony@aboutitallroofing.com,http://aboutitallroofing.com/,SIN HTTPS (OBSOLETA),sin HTTPS (inseguro/viejo),Port St. Lucie,https://www.google.com/maps/search/?api=1&query=About%20it%20All%20Roofing%20and%20Construction&query_place_id=ChIJL8N6XLvr3ogRKeeLasyrlkk
Roofology Roofing South Florida,(305) 482-3733,"1926 Hollywood Blvd Suite 303, Hollywood, FL 33020",noah@roofologyroofing.com,http://roofologysouthflorida.com/,SIN HTTPS (OBSOLETA),sin HTTPS (inseguro/viejo); no responsive (sin mobile); pagina casi vacia,Hollywood,https://www.google.com/maps/search/?api=1&query=Roofology%20Roofing%20South%20Florida&query_place_id=ChIJN9bHfZ-r2YgRTfYoA3LIypw
Roberson Roofing Inc.,(386) 677-2211,"229 N Orchard St, Ormond Beach, FL 32174",Info@Robersonroofinginc.com,http://www.robersonroofinginc.com/,SIN HTTPS (OBSOLETA),sin HTTPS (inseguro/viejo),Ormond Beach,https://www.google.com/maps/search/?api=1&query=Roberson%20Roofing%20Inc.&query_place_id=ChIJ4yYSPVzb5ogRVvPpmYo-VOE
Heart Roofing LLC,(321) 499-3012,"4150 Dow Rd #103, Melbourne, FL 32934",heartroofing@gmail.com,http://heartroofingflorida.com/,SIN HTTPS (OBSOLETA),sin HTTPS (inseguro/viejo),Melbourne,https://www.google.com/maps/search/?api=1&query=Heart%20Roofing%20LLC&query_place_id=ChIJ5cvs_yIT3ogRiAVEpNAlGhg
Bert Faircloth Roofing Inc,(386) 238-6220,"1016 6th St, Daytona Beach, FL 32117",FAIRCLOTHROOFING@AOL.COM,http://www.bertfairclothroofing.com/,SIN HTTPS (OBSOLETA),sin HTTPS (inseguro/viejo),Daytona Beach,https://www.google.com/maps/search/?api=1&query=Bert%20Faircloth%20Roofing%20Inc&query_place_id=ChIJA96D_cHb5ogRr4V_8hdiwA8
Weathered Roofing,(321) 449-6637,"1071 Aurora Rd Ste I, Melbourne, FL 32935",weatheredroofing@gmail.com,http://www.weatheredroofing.com/,SIN HTTPS (OBSOLETA),sin HTTPS (inseguro/viejo),Melbourne,https://www.google.com/maps/search/?api=1&query=Weathered%20Roofing&query_place_id=ChIJ8birvc9rKycRvptSJrPdrkU
FIXD Roofing LLC,(772) 618-3493,"2082 Commerce Lakes Dr, Port St. Lucie, FL 34986",info@fixdroofing.com,http://www.fixdroofing.com/,SIN HTTPS (OBSOLETA),sin HTTPS (inseguro/viejo); no responsive (sin mobile); pagina casi vacia,Port St. Lucie,https://www.google.com/maps/search/?api=1&query=FIXD%20Roofing%20LLC&query_place_id=ChIJF3gfUtHt3ogRVzZ8OQ7F3nE
"J.A.L. Roofing, Inc",(321) 676-8991,"1505 Lake St, Melbourne, FL 32901",info@jalroofinginc.com,http://www.jalroofinginc.com/,SIN HTTPS (OBSOLETA),sin HTTPS (inseguro/viejo),Melbourne,https://www.google.com/maps/search/?api=1&query=J.A.L.%20Roofing%2C%20Inc&query_place_id=ChIJEwzTpfsR3ogRjpgQpdCxiJA
Roofing Sarasota,(941) 321-7745,"817 Honore Ave, Sarasota, FL 34232",info@sarasotacontractors.com,http://www.roofingsarasota.com/,SIN HTTPS (OBSOLETA),sin HTTPS (inseguro/viejo),Sarasota,https://www.google.com/maps/search/?api=1&query=Roofing%20Sarasota&query_place_id=ChIJMSbLwiFHw4gRHLfN4CvcGQo
Legacy Roofing SRQ,(941) 226-9200,"8233 Blaikie Ct, Sarasota, FL 34240",officeadmin@legacyroofingsrq.com,http://legacyroofingsrq.com/,SIN HTTPS (OBSOLETA),sin HTTPS (inseguro/viejo),Sarasota,https://www.google.com/maps/search/?api=1&query=Legacy%20Roofing%20SRQ&query_place_id=ChIJ30snp5s0u0URL-fxO0GObsA
Yoder Roofing,(941) 378-8061,"1850 Porter Lake Dr Ste 106, Sarasota, FL 34240",office@yoderroofinginc.com,http://yoderroofinginc.com/,SIN HTTPS (OBSOLETA),sin HTTPS (inseguro/viejo),Sarasota,https://www.google.com/maps/search/?api=1&query=Yoder%20Roofing&query_place_id=ChIJk8wzzxNHw4gRTiiN3tqU8WI
Sarasota Roofing Company Inc,(941) 371-2801,"5840 Palmer Blvd, Sarasota, FL 34232",info@sarasotaroofingcompany.com,http://sarasotaroofingcompany.com/,SIN HTTPS (OBSOLETA),sin HTTPS (inseguro/viejo),Sarasota,https://www.google.com/maps/search/?api=1&query=Sarasota%20Roofing%20Company%20Inc&query_place_id=ChIJo6sQQGpHw4gRjikcf3E8JdM
Total Roofing Contractors,(941) 746-2200,"520 17th Ave W, Bradenton, FL 34205",totalroofinginc@yahoo.com,http://www.totalroofing.net/,SIN HTTPS (OBSOLETA),sin HTTPS (inseguro/viejo); no responsive (sin mobile),Bradenton,https://www.google.com/maps/search/?api=1&query=Total%20Roofing%20Contractors&query_place_id=ChIJ1bXEyS4Ww4gRhH4fP5QCAVE
Harvath Roofing Inc.,(941) 761-3447,"5851 Cortez Rd W, Bradenton, FL 34210",roof@harvathroofing.com,http://www.harvathroofing.com/,SIN HTTPS (OBSOLETA),sin HTTPS (inseguro/viejo); no responsive (sin mobile),Bradenton,https://www.google.com/maps/search/?api=1&query=Harvath%20Roofing%20Inc.&query_place_id=ChIJS8Dogd0Ww4gRufxsjzA44m4
Storm Roofing and Repair,(941) 730-3465,"814 25th St Ct W, Bradenton, FL 34205",//www.google.com/maps/place/Storm+Roofing+and+Repair/@35.1820149,http://www.stormroofingandrepair.com/?utm_source=omg-gbp&utm_medium=webclick,SIN HTTPS (OBSOLETA),sin HTTPS (inseguro/viejo),Bradenton,https://www.google.com/maps/search/?api=1&query=Storm%20Roofing%20and%20Repair&query_place_id=ChIJ-e5RYy8Xw4gRJELY5rmwoW8
Quality Discount Roofing & Construction,(904) 396-5000,"3481 St Augustine Rd, Jacksonville, FL 32207",info@qdrusa.com,http://www.qdrusa.com/,SIN HTTPS (OBSOLETA),sin HTTPS (inseguro/viejo),Jacksonville,https://www.google.com/maps/search/?api=1&query=Quality%20Discount%20Roofing%20%26%20Construction&query_place_id=ChIJq-7Gh0u25YgRUIU6_QlEuBc
Hulks Construction & Roofing,(850) 296-0000,"8515 Jernigan Rd, Pensacola, FL 32514",Hulksconstruction@gmail.com,http://hulksroofing.com/,SIN HTTPS (OBSOLETA),sin HTTPS (inseguro/viejo),Pensacola,https://www.google.com/maps/search/?api=1&query=Hulks%20Construction%20%26%20Roofing&query_place_id=ChIJd1WNCTu_kIgRzGBviYoGZkE
Beaver Roofing LLC,(352) 456-0018,"7 E Silver Springs Blvd Ste 425, Ocala, FL 34470",admin@beaverroofs.con,http://www.beaverroofs.com/,SIN HTTPS (OBSOLETA),sin HTTPS (inseguro/viejo),Ocala,https://www.google.com/maps/search/?api=1&query=Beaver%20Roofing%20LLC&query_place_id=ChIJV5BBVwAr5ogR9nM2j_1tmKA
"Volusia-Flagler Roofing, LLC",(386) 523-7663,"825 Mason Ave, Daytona Beach, FL 32117",admin@volusiaflaglerroofing.com,http://volusiaflaglerroofing.com/,SIN HTTPS (OBSOLETA),sin HTTPS (inseguro/viejo); no responsive (sin mobile); pagina casi vacia,Daytona Beach,https://www.google.com/maps/search/?api=1&query=Volusia-Flagler%20Roofing%2C%20LLC&query_place_id=ChIJg6jm7yjZ5ogR3J0RAveOtH8
Big D Don Stauss Roofing Services,(352) 236-2959,"3145 NE 36th Ave, Ocala, FL 34479",info@bigdroofs.com,http://www.bigdroofs.com/,SIN HTTPS (OBSOLETA),sin HTTPS (inseguro/viejo),Ocala,https://www.google.com/maps/search/?api=1&query=Big%20D%20Don%20Stauss%20Roofing%20Services&query_place_id=ChIJ0Rt7wQUt5ogRCyyDwtxjKTQ
Wright Roofing Company,(850) 433-7292,,Wrightroofing15@gmail.com,http://www.wrightroofingservices.com/,SIN HTTPS (OBSOLETA),sin HTTPS (inseguro/viejo),,https://www.google.com/maps/search/?api=1&query=Wright%20Roofing%20Company&query_place_id=ChIJyeLuN-S_kIgR4FXfGzvtn80
Guy Brothers Roofing and Siding,(850) 780-1439,"218 Hewitt St, Pensacola, FL 32503",Jason@GuyBrothersSiding.com,http://www.guybrothersroofing.com/,SIN HTTPS (OBSOLETA),sin HTTPS (inseguro/viejo),Pensacola,https://www.google.com/maps/search/?api=1&query=Guy%20Brothers%20Roofing%20and%20Siding&query_place_id=ChIJ6XwLfY-_kIgRuN6OePBq9xc
"Gator Roofing, Inc.",(941) 747-2898,"2301 9th St E Suite #4, Bradenton, FL 34208",gatorroofing@tampabay.rr.com,http://www.gatorroofing.com/,SIN HTTPS (OBSOLETA),sin HTTPS (inseguro/viejo); no responsive (sin mobile); pagina casi vacia,Bradenton,https://www.google.com/maps/search/?api=1&query=Gator%20Roofing%2C%20Inc.&query_place_id=ChIJX1pLb489w4gRbsb65LKuI0U
Elite-Pro Roofing and Construction,(888) 373-1474,"10 E Fairfield Dr # C, Pensacola, FL 32501",eprcowner@gmail.com,http://eprcusa.com/,SIN HTTPS (OBSOLETA),sin HTTPS (inseguro/viejo),Pensacola,https://www.google.com/maps/search/?api=1&query=Elite-Pro%20Roofing%20and%20Construction&query_place_id=ChIJg2RxiWK_kIgRSgMMRxQ2TQk
"Build with MD — Pittsburgh, PA Residential & Commercial General Contracting",(724) 683-7626,"740 Constitution Blvd, Beaver Falls, PA 15010",INFO@BUILDWITHMD.COM,http://www.buildwithmd.com/,SIN HTTPS (OBSOLETA),sin HTTPS (inseguro/viejo),Beaver Falls,https://www.google.com/maps/search/?api=1&query=Build%20with%20MD%20%E2%80%94%20Pittsburgh%2C%20PA%20Residential%20%26%20Commercial%20General%20Contracting&query_place_id=ChIJD_Cex95xNIgRV26v2wCfAmw
Canopy Roofing Inc,(786) 523-4999,"7311 NW 12th St STE 17, Miami, FL 33126",info@canopyroofers.com,http://www.canopyroofers.com/,SIN HTTPS (OBSOLETA),sin HTTPS (inseguro/viejo),Miami,https://www.google.com/maps/search/?api=1&query=Canopy%20Roofing%20Inc&query_place_id=ChIJNwGZqB7A2YgR-sSrClktjXI
St Petersburg Roof Replacement,(727) 610-8107,"2322 Central Ave, St. Petersburg, FL 33713",estimates@stpetersburgroofreplacement.com,http://stpetersburgroofreplacement.com/,SIN HTTPS (OBSOLETA),sin HTTPS (inseguro/viejo),St. Petersburg,https://www.google.com/maps/search/?api=1&query=St%20Petersburg%20Roof%20Replacement&query_place_id=ChIJMWY0DABlXIYR9l_ZoDidv0c
"Gold Seal Roofing, LLC",(813) 247-2450,"8401 9th St N Ste f, St. Petersburg, FL 33702",info@goldsealroof.com,http://www.goldsealroof.com/,SIN HTTPS (OBSOLETA),sin HTTPS (inseguro/viejo),St. Petersburg,https://www.google.com/maps/search/?api=1&query=Gold%20Seal%20Roofing%2C%20LLC&query_place_id=ChIJz9o661DEwogRHofGiGKfDq0
Mike The Roofer Inc.,+1 519-648-2121,,info@miketheroofer.ca,http://www.miketheroofer.ca/,SIN HTTPS (OBSOLETA),sin HTTPS (inseguro/viejo),,https://www.google.com/maps/search/?api=1&query=Mike%20The%20Roofer%20Inc.&query_place_id=ChIJgcG0PVaKK4gRVXnohQOk17o
Freeman Roofing,(850) 994-1078,"4201 Auckland Rd, Milton, FL 32571",freemanroofingandconstruction@gmail.com,http://www.freemanroofing.com/,SIN HTTPS (OBSOLETA),sin HTTPS (inseguro/viejo),Milton,https://www.google.com/maps/search/?api=1&query=Freeman%20Roofing&query_place_id=ChIJMTIG1wDskIgRV8dWNDiqdDw
WestStar Roofing and Construction,(800) 940-7113,"10475 Gandy Blvd N #1317, St. Petersburg, FL 33702",info@weststarroofs.com,http://www.weststarroofs.com/,SIN HTTPS (OBSOLETA),sin HTTPS (inseguro/viejo),St. Petersburg,https://www.google.com/maps/search/?api=1&query=WestStar%20Roofing%20and%20Construction&query_place_id=ChIJyZ0fIFgG3WoRERpd02SvnQY
Scotti Family Roofing LLC,(352) 269-3355,,info@scottifamilyroofing.com,http://scottifamilyroofing.com/,SIN HTTPS (OBSOLETA),sin HTTPS (inseguro/viejo),,https://www.google.com/maps/search/?api=1&query=Scotti%20Family%20Roofing%20LLC&query_place_id=ChIJMzTiwDPNwIkRAKgqVKE7T5Q
"Bravo's Roofing, Inc.",(561) 335-3869,"4537 Iris St, West Palm Beach, FL 33417",info@bravosroof.com,http://bravosroof.com/,SIN HTTPS (OBSOLETA),sin HTTPS (inseguro/viejo),West Palm Beach,https://www.google.com/maps/search/?api=1&query=Bravo%27s%20Roofing%2C%20Inc.&query_place_id=ChIJ5QuvFwsp2YgR-yvo_o-dLmY
Maze Roofing Boca Raton,(561) 609-0948,"7284 W Palmetto Park Rd Suite 101, Boca Raton, FL 33433",info@maze-roofing.com,http://maze-roofing.com/,SIN HTTPS (OBSOLETA),sin HTTPS (inseguro/viejo),Boca Raton,https://www.google.com/maps/search/?api=1&query=Maze%20Roofing%20Boca%20Raton&query_place_id=ChIJveltKOod2YgRGhRhZKuZIFA
Gullett Roofing,(863) 412-2821,"535 Bracey Rd, Lakeland, FL 33809",GullettRoofing@Hotmail.com,http://www.gullettroofing.com/,SIN HTTPS (OBSOLETA),sin HTTPS (inseguro/viejo),Lakeland,https://www.google.com/maps/search/?api=1&query=Gullett%20Roofing&query_place_id=ChIJdRXew4RH3YgRbP5qENk6HEA
Mainland Roofing Company,(305) 696-7663,"3740 NW 80th St, Miami, FL 33147",office@MainlandRoofing.com,http://mainlandroofing.com/,SIN HTTPS (OBSOLETA),sin HTTPS (inseguro/viejo),Miami,https://www.google.com/maps/search/?api=1&query=Mainland%20Roofing%20Company&query_place_id=ChIJ_6i7yo2w2YgRnIerzPaYVMw
O'Neal's Roofing Co.,(863) 557-0288,"6950 Barbara Jean Ln, Polk City, FL 33868",onealsroofing@gmail.com,http://www.onealsroofing.com/,SIN HTTPS (OBSOLETA),sin HTTPS (inseguro/viejo),Polk City,https://www.google.com/maps/search/?api=1&query=O%27Neal%27s%20Roofing%20Co.&query_place_id=ChIJf8xMyStn3YgRNTMkTY0WgjU
"Dempsey Roofing Company, Inc.",(800) 725-0716,"939 Browning Rd, Lakeland, FL 33811",info@dempseyroofing.com,http://dempseyroofing.com/,SIN HTTPS (OBSOLETA),sin HTTPS (inseguro/viejo),Lakeland,https://www.google.com/maps/search/?api=1&query=Dempsey%20Roofing%20Company%2C%20Inc.&query_place_id=ChIJHzrcvzA43YgRxlntqFRLUeg
McFall Residential Roofing,(352) 415-9098,"4635 NW 53rd Ave Ste 204, Gainesville, FL 32653",michael@mcfallbuilders.com,http://mcfallroofing.com/,SIN HTTPS (OBSOLETA),sin HTTPS (inseguro/viejo),Gainesville,https://www.google.com/maps/search/?api=1&query=McFall%20Residential%20Roofing&query_place_id=ChIJ33Ndrjq76IgRZPsK9xFxdmc
True Force Roofing,(352) 781-5265,"2420 NW 66 Ct Ste B, Gainesville, FL 32653",info@trueforceroofing.com,http://www.trueforceroofing.com/,SIN HTTPS (OBSOLETA),sin HTTPS (inseguro/viejo),Gainesville,https://www.google.com/maps/search/?api=1&query=True%20Force%20Roofing&query_place_id=ChIJE1D9biBPBokRVHBwL5ARkgY
Pure Roofing,(571) 445-8032,"9352 Mike Garcia Dr, Manassas, VA 20109",info@pureroofingva.com,http://www.pureroofingva.com/,SIN HTTPS (OBSOLETA),sin HTTPS (inseguro/viejo),Manassas,https://www.google.com/maps/search/?api=1&query=Pure%20Roofing&query_place_id=ChIJo94bJeL3mkER1AKvzEru1lo
J & S Roofing and Construction Inc.,(352) 672-2048,"5216 SW 91st St Ste A, Gainesville, FL 32608",info@jandscontruct.com,http://www.jandsconstruct.com/,SIN HTTPS (OBSOLETA),sin HTTPS (inseguro/viejo),Gainesville,https://www.google.com/maps/search/?api=1&query=J%20%26%20S%20Roofing%20and%20Construction%20Inc.&query_place_id=ChIJhRCnF6XD6IgR_435iSXVVic
"JD Roofing & General Contractors, Corp",(561) 688-1312,,jdroofinginc@gmail.com,http://www.jdroofinginc.com/,SIN HTTPS (OBSOLETA),sin HTTPS (inseguro/viejo),,https://www.google.com/maps/search/?api=1&query=JD%20Roofing%20%26%20General%20Contractors%2C%20Corp&query_place_id=ChIJJTbKvtcp2YgR9y7tb0y1BqE
Albright Family Roofing INC,(727) 647-4034,"Clearwater, FL 33765",albrightfamilyroofing@gmail.com,http://albrightfamilyroofing.com/,SIN HTTPS (OBSOLETA),sin HTTPS (inseguro/viejo),Clearwater,https://www.google.com/maps/search/?api=1&query=Albright%20Family%20Roofing%20INC&query_place_id=ChIJAQAAANHxwogR3Jj3CejevUw
Triumph Roofing,(800) 969-4223,"2240 Belleair Rd STE 180 A, Clearwater, FL 33764",Office@TriumphRoofing.org,http://www.triumphroofing.org/,SIN HTTPS (OBSOLETA),sin HTTPS (inseguro/viejo),Clearwater,https://www.google.com/maps/search/?api=1&query=Triumph%20Roofing&query_place_id=ChIJIT03RzfvwogR26d0alzPx7k
Florida ResCom Roofing Inc.,(727) 483-0456,"1943 Sherwood St Unit k, Clearwater, FL 33765",%20office@flrescomroofing.com,http://flrescomroofing.com/,SIN HTTPS (OBSOLETA),sin HTTPS (inseguro/viejo),Clearwater,https://www.google.com/maps/search/?api=1&query=Florida%20ResCom%20Roofing%20Inc.&query_place_id=ChIJl3eHBDfuwogRqzIxS2p3-SM
Quick Roofing - Central FL,(863) 201-6025,"3624 DMG Dr, Lakeland, FL 33811",orders@quickroofing.com,http://www.quickroofing.com/,SIN HTTPS (OBSOLETA),sin HTTPS (inseguro/viejo),Lakeland,https://www.google.com/maps/search/?api=1&query=Quick%20Roofing%20-%20Central%20FL&query_place_id=ChIJj4gRz5453YgROETVTwWgdyI
Statewide Roofing & Sheet Metal Inc.,(863) 686-1451,"851 Plateau Ave, Lakeland, FL 33815",admin@swrflorida.com,http://www.swrflorida.com/,SIN HTTPS (OBSOLETA),sin HTTPS (inseguro/viejo),Lakeland,https://www.google.com/maps/search/?api=1&query=Statewide%20Roofing%20%26%20Sheet%20Metal%20Inc.&query_place_id=ChIJMwJqs_E43YgRQ23ynDEX-f0
Lightning Fast Roofing and Solar,(813) 375-2062,"3118 Gulf To Bay Blvd, Clearwater, FL 33759",info@lightningfastroofing.com,http://lightningfastroofing.com/,SIN HTTPS (OBSOLETA),sin HTTPS (inseguro/viejo),Clearwater,https://www.google.com/maps/search/?api=1&query=Lightning%20Fast%20Roofing%20and%20Solar&query_place_id=ChIJvScPhs7RKSMRfi7B8fFnGT8
"Streamline Roofing & Construction, Inc.",(850) 575-1168,"3654 W Orange Ave, Tallahassee, FL 32310",info@streamlineroofing.com,http://www.streamlineroofing.com/,SIN HTTPS (OBSOLETA),sin HTTPS (inseguro/viejo),Tallahassee,https://www.google.com/maps/search/?api=1&query=Streamline%20Roofing%20%26%20Construction%2C%20Inc.&query_place_id=ChIJgQqPwrD07IgRYsvEe3O3VJ0
Magna Homes & Roofing,(239) 541-8416,"1017 SE 12th Ave, Cape Coral, FL 33990",contact@floridamagna.com,http://www.floridamagna.com/,SIN HTTPS (OBSOLETA),sin HTTPS (inseguro/viejo),Cape Coral,https://www.google.com/maps/search/?api=1&query=Magna%20Homes%20%26%20Roofing&query_place_id=ChIJC8Hjun5B24gRIXHSGk5FwdM
DC ROOFING FL,(239) 350-7663,"1630 Chesapeake Ave, Naples, FL 34102",info@dcroofingfl.com,http://www.dcroofingfl.com/?utm_source=gbp&utm_medium=Organic&utm_campaign=1seo_gbp,SIN HTTPS (OBSOLETA),sin HTTPS (inseguro/viejo),Naples,https://www.google.com/maps/search/?api=1&query=DC%20ROOFING%20FL&query_place_id=ChIJBapljcco8SIRHZiiJJnSmws
Naples Roofing Inc,(239) 384-1340,"971 Airport-Pulling Rd N, Naples, FL 34104",naplesroofinginc@gmail.com,http://naplesroofinginc.com/,SIN HTTPS (OBSOLETA),sin HTTPS (inseguro/viejo),Naples,https://www.google.com/maps/search/?api=1&query=Naples%20Roofing%20Inc&query_place_id=ChIJdZ3Cclf92ogR2ayfmbG2P1w
Roof Smart of SW Florida,(239) 549-7663,"1345 Old Pondella Rd, Cape Coral, FL 33909",leads@roofsmartflorida.com,http://roofsmartflorida.com/,SIN HTTPS (OBSOLETA),sin HTTPS (inseguro/viejo),Cape Coral,https://www.google.com/maps/search/?api=1&query=Roof%20Smart%20of%20SW%20Florida&query_place_id=ChIJc8vVNlI_24gRd1L2nhrmPQc
Lakeland Roofing Solutions,(407) 490-2459,"304 E Pine St #1211, Lakeland, FL 33801",lakelandroofingsolutions@gmail.com,http://www.lakelandroofingsolutions.com/,SIN HTTPS (OBSOLETA),sin HTTPS (inseguro/viejo),Lakeland,https://www.google.com/maps/search/?api=1&query=Lakeland%20Roofing%20Solutions&query_place_id=ChIJSXkd8js53YgRmi0V6zBumGo
"Roof Exchange, LLC",(407) 587-0738,"2510 Michigan Ave Ste H, Kissimmee, FL 34744",Tiffany@roofexchange.com,http://www.roofexchange.com/,SIN HTTPS (OBSOLETA),sin HTTPS (inseguro/viejo),Kissimmee,https://www.google.com/maps/search/?api=1&query=Roof%20Exchange%2C%20LLC&query_place_id=ChIJg-FU48eF3YgRtMWIXjU_Brg
Anchor Up Roofing Windows & Doors,(786) 338-8383,"131 E 10th Ave, Hialeah, FL 33010",info@anchoruproofing.com,http://anchoruproofing.com/?utm_source=gmb&utm_medium=referral,SIN HTTPS (OBSOLETA),sin HTTPS (inseguro/viejo),Hialeah,https://www.google.com/maps/search/?api=1&query=Anchor%20Up%20Roofing%20Windows%20%26%20Doors&query_place_id=ChIJOS_Yc0jlIaERs8nxZbxHf4E
Gulf Coast Roofing Co Inc,(239) 597-9007,"2101 J and C Blvd, Naples, FL 34109",office@gcroofing.com,http://www.gcroofing.com/,SIN HTTPS (OBSOLETA),sin HTTPS (inseguro/viejo),Naples,https://www.google.com/maps/search/?api=1&query=Gulf%20Coast%20Roofing%20Co%20Inc&query_place_id=ChIJvTvgZ9Yd24gRn9tuYCwBc0I
Dependable Roofing Contractors of South Florida,(305) 676-9734,"6175 NW 167th St, Hialeah, FL 33015",roofingsfla@gmail.com,http://www.roofingsfla.com/,SIN HTTPS (OBSOLETA),sin HTTPS (inseguro/viejo); no responsive (sin mobile); pagina casi vacia,Hialeah,https://www.google.com/maps/search/?api=1&query=Dependable%20Roofing%20Contractors%20of%20South%20Florida&query_place_id=ChIJZVmx15ul2YgREphDifp3SAM
IRC- Imperial Roofing Company,(941) 218-0054,"1314 Cape Coral Pkwy E #312, Cape Coral, FL 33904",office@imperialroofingcompany.com,http://imperialroofingcompany.com/,SIN HTTPS (OBSOLETA),sin HTTPS (inseguro/viejo); no responsive (sin mobile); pagina casi vacia,Cape Coral,https://www.google.com/maps/search/?api=1&query=IRC-%20Imperial%20Roofing%20Company&query_place_id=ChIJU5u7ByZH24gR9HaA0XxHk3I
Garcia & Sons Roofing Company,(239) 420-3100,"5475 Vineland Rd, Orlando, FL 32811",,,SIN WEB,no tiene sitio web,Orlando,https://www.google.com/maps/search/?api=1&query=Garcia%20%26%20Sons%20Roofing%20Company&query_place_id=ChIJZQCuFxJ_54gRDwfmyZ1jm2I
Modulo Roofing Group,(754) 290-5905,"1112 NE 2nd St, Fort Lauderdale, FL 33301",,,SIN WEB,no tiene sitio web,Fort Lauderdale,https://www.google.com/maps/search/?api=1&query=Modulo%20Roofing%20Group&query_place_id=ChIJcaNpRbUB2YgRKlpHuXrGFxk
Roofing Company Repair Dania Beach FL,(954) 406-4893,"402 E Dania Beach Blvd suite a116, Hollywood, FL 33019",,,SIN WEB,no tiene sitio web,Hollywood,https://www.google.com/maps/search/?api=1&query=Roofing%20Company%20Repair%20Dania%20Beach%20FL&query_place_id=ChIJVzK3tnur2YgRLmiex1h9kjs
Trust My Roofer,(954) 355-1174,"5832 Stirling Rd, Hollywood, FL 33021",,,SIN WEB,no tiene sitio web,Hollywood,https://www.google.com/maps/search/?api=1&query=Trust%20My%20Roofer&query_place_id=ChIJ37gRu2Kp2YgRo5Hyi-Xct64
Invictus Roofing Solutions,(954) 449-6781,"2831 NE 21st Ct, Fort Lauderdale, FL 33305",,,SIN WEB,no tiene sitio web,Fort Lauderdale,https://www.google.com/maps/search/?api=1&query=Invictus%20Roofing%20Solutions&query_place_id=ChIJi3bItOUB2YgRyJavtawYUT4
Secure Span Roofing,(754) 314-3194,"1528 Middle River Dr, Fort Lauderdale, FL 33304",,,SIN WEB,no tiene sitio web,Fort Lauderdale,https://www.google.com/maps/search/?api=1&query=Secure%20Span%20Roofing&query_place_id=ChIJWxT_8NAB2YgRnwBhMomBKY8
Max Guard Roofing,(754) 314-3131,"2309 NE 12th Ct, Fort Lauderdale, FL 33304",,,SIN WEB,no tiene sitio web,Fort Lauderdale,https://www.google.com/maps/search/?api=1&query=Max%20Guard%20Roofing&query_place_id=ChIJS5mvH7IB2YgRHrQCZT7mxd8
Heritage Safe Roofing,(754) 298-2345,"4760 NE 27th Ave, Fort Lauderdale, FL 33308",,,SIN WEB,no tiene sitio web,Fort Lauderdale,https://www.google.com/maps/search/?api=1&query=Heritage%20Safe%20Roofing&query_place_id=ChIJkXY0JPYD2YgRlxIe_KnwKSo
Storm Proof Roofing Experts,(754) 254-2335,"1004 SW 7th St, Fort Lauderdale, FL 33315",,,SIN WEB,no tiene sitio web,Fort Lauderdale,https://www.google.com/maps/search/?api=1&query=Storm%20Proof%20Roofing%20Experts&query_place_id=ChIJt5gZhZMB2YgRWmkW6OZvJMo
Vector Roofing Solutions,(954) 448-7281,"1609 SE 2nd Ct, Fort Lauderdale, FL 33301",,,SIN WEB,no tiene sitio web,Fort Lauderdale,https://www.google.com/maps/search/?api=1&query=Vector%20Roofing%20Solutions&query_place_id=ChIJwb6bgb4B2YgRaFxN21djUM4
R & R Roofing Inc,(321) 259-3731,"996 Creel St, Melbourne, FL 32935",,,SIN WEB,no tiene sitio web,Melbourne,https://www.google.com/maps/search/?api=1&query=R%20%26%20R%20Roofing%20Inc&query_place_id=ChIJgYalgNcP3ogRbmVMPi-iG6I
Bradenton Roofing,(941) 294-5194,"7207 18th Ave NW, Bradenton, FL 34209",,,SIN WEB,no tiene sitio web,Bradenton,https://www.google.com/maps/search/?api=1&query=Bradenton%20Roofing&query_place_id=ChIJjS9zHA4Xw4gR_9ZzkswcxvQ
Woody Cushing Roofing Co,(850) 432-9109,"525 W Michigan Ave, Pensacola, FL 32505",,,SIN WEB,no tiene sitio web,Pensacola,https://www.google.com/maps/search/?api=1&query=Woody%20Cushing%20Roofing%20Co&query_place_id=ChIJ_5G-hLa_kIgR_JdPCioWNTo
Rooftop Roofing LLC,(239) 508-6262,"400 12th Ave N, St. Petersburg, FL 33701",,,SIN WEB,no tiene sitio web,St. Petersburg,https://www.google.com/maps/search/?api=1&query=Rooftop%20Roofing%20LLC&query_place_id=ChIJKSYGMP3hwogR5AtIldZ7CpM
Luna & Sons Roofing,(561) 946-8384,"1501 Belvedere Rd, West Palm Beach, FL 33406",,,SIN WEB,no tiene sitio web,West Palm Beach,https://www.google.com/maps/search/?api=1&query=Luna%20%26%20Sons%20Roofing&query_place_id=ChIJPzE5ADB7HyMRUXOfQxsG4Hk
Roofing Services W Palm Beach,(561) 820-6619,"3700 S Dixie Hwy Unit 186, West Palm Beach, FL 33405",,,SIN WEB,no tiene sitio web,West Palm Beach,https://www.google.com/maps/search/?api=1&query=Roofing%20Services%20W%20Palm%20Beach&query_place_id=ChIJX9dhtv3X2IgRyWpDkwXXcvE
Roofer West Palm Beach,(561) 652-5876,"6405 S Dixie Hwy, West Palm Beach, FL 33405",,,SIN WEB,no tiene sitio web,West Palm Beach,https://www.google.com/maps/search/?api=1&query=Roofer%20West%20Palm%20Beach&query_place_id=ChIJz6nfVE3X2IgRyy2d4vBxamE
ZND-RITE,(272) 214-8311,"1240 Allegheny St, Jersey Shore, PA 17740",,,SIN WEB,no tiene sitio web,Jersey Shore,https://www.google.com/maps/search/?api=1&query=ZND-RITE&query_place_id=ChIJz806jPn_zokRh45PFuAzXZ4
Bay Home Improvements,(516) 826-9356,,,,SIN WEB,no tiene sitio web,,https://www.google.com/maps/search/?api=1&query=Bay%20Home%20Improvements&query_place_id=ChIJmRB4STR5wokRjKMYmIG_BKY
W.D. Hutchinson Roofing LLC,(863) 686-3300,"1717 W Memorial Blvd, Lakeland, FL 33815",,,SIN WEB,no tiene sitio web,Lakeland,https://www.google.com/maps/search/?api=1&query=W.D.%20Hutchinson%20Roofing%20LLC&query_place_id=ChIJdVhcaJo43YgRxeiA3JPTl34
Roofing Company Boca Raton,(561) 717-1265,"861 Yamato Rd Ste.138, Boca Raton, FL 33431",,,SIN WEB,no tiene sitio web,Boca Raton,https://www.google.com/maps/search/?api=1&query=Roofing%20Company%20Boca%20Raton&query_place_id=ChIJzVUdoNAf2YgR7r36UXeo5YY
Lakeland Roofing Installation,,"3823 Old Salem Rd, Lakeland, FL 33811",,,SIN WEB,no tiene sitio web,Lakeland,https://www.google.com/maps/search/?api=1&query=Lakeland%20Roofing%20Installation&query_place_id=ChIJ4-N2SCg73YgRPsDW5v-OiVQ
352's Trusted Roofing & Gutters,(352) 658-7237,"103 NE 23rd Ave, Gainesville, FL 32609",,,SIN WEB,no tiene sitio web,Gainesville,https://www.google.com/maps/search/?api=1&query=352%27s%20Trusted%20Roofing%20%26%20Gutters&query_place_id=ChIJM6HRSCux6IgRPYGidfPfGHE
Clearwater Roofing Company,(727) 472-9019,"1510 McMullen Booth Rd, Clearwater, FL 33759",,,SIN WEB,no tiene sitio web,Clearwater,https://www.google.com/maps/search/?api=1&query=Clearwater%20Roofing%20Company&query_place_id=ChIJnczZZcTvwogRbD2wzmEeuAM
A CLASS ROOFING INC,(786) 447-4442,"1567 W 38th Pl, Hialeah, FL 33012",,,SIN WEB,no tiene sitio web,Hialeah,https://www.google.com/maps/search/?api=1&query=A%20CLASS%20ROOFING%20INC&query_place_id=ChIJw994YHi72YgRGbywXQ48jxo
Y. RIVERA & SON'S ROOFING LLC,(786) 803-8200,"50 W 22nd St, Hialeah, FL 33010",,,SIN WEB,no tiene sitio web,Hialeah,https://www.google.com/maps/search/?api=1&query=Y.%20RIVERA%20%26%20SON%27S%20ROOFING%20LLC&query_place_id=ChIJPbko3f672YgRZZMmArWtL3s
D' Roofing Group,(239) 256-7788,"323 Arpt Rd S, Naples, FL 34104",,,SIN WEB,no tiene sitio web,Naples,https://www.google.com/maps/search/?api=1&query=D%27%20Roofing%20Group&query_place_id=ChIJfVIBqyHj2ogR4_R391HvNHY
Naples Roofing Company,(239) 456-0470,"5 10th St S, Naples, FL 34102",,,SIN WEB,no tiene sitio web,Naples,https://www.google.com/maps/search/?api=1&query=Naples%20Roofing%20Company&query_place_id=ChIJ0bdx1EctDogROXITSzbvxjM
"Smart Roofing Services Kissimmee, FL",(863) 275-3996,"505 W Vine St #437, Kissimmee, FL 34741",,,SIN WEB,no tiene sitio web,Kissimmee,https://www.google.com/maps/search/?api=1&query=Smart%20Roofing%20Services%20Kissimmee%2C%20FL&query_place_id=ChIJ_ypzAweF3YgR0VMhpl1WSzo
5 Starr Roofing Inc.,(239) 800-5813,"1001 SE 12th Ct B, Cape Coral, FL 33990",,,SIN WEB,no tiene sitio web,Cape Coral,https://www.google.com/maps/search/?api=1&query=5%20Starr%20Roofing%20Inc.&query_place_id=ChIJG4qRfpgV24gReDyDYw0SEFU
W,(239) 574-1490,"3727 Del Prado Blvd S, Cape Coral, FL 33904",,,SIN WEB,no tiene sitio web,Cape Coral,https://www.google.com/maps/search/?api=1&query=W&query_place_id=ChIJWxYOtDZB24gR3dtUGBaM8gc
Cape Coral Roofing and Sheet Metal Inc,(239) 771-3062,"1520 SE 46th Ln C, Cape Coral, FL 33904",,,SIN WEB,no tiene sitio web,Cape Coral,https://www.google.com/maps/search/?api=1&query=Cape%20Coral%20Roofing%20and%20Sheet%20Metal%20Inc&query_place_id=ChIJvdY4KDVB24gRhKWSJq1QkOU
Honest Abe Roofing Orlando,(407) 887-7663,"7616 Southland Blvd Ste 110, Belle Isle, FL 32809",,http://www.honestaberoofing.com/orlando-fl,SIN HTTPS (OBSOLETA),sin HTTPS (inseguro/viejo),Belle Isle,https://www.google.com/maps/search/?api=1&query=Honest%20Abe%20Roofing%20Orlando&query_place_id=ChIJfXQwC49954gRwCVOpRavdyo
Eustis Roofing Company,(407) 972-0326,"1566 College Park Business Center Rd, Orlando, FL 32804",,http://eustisroofing.com/?utm_source=gbp&utm_medium=organic&utm_campaign=orl-na-gbp-con-all-all-all-reglr-currrent-reglr-na-na-gbp_listing,SIN HTTPS (OBSOLETA),sin HTTPS (inseguro/viejo),Orlando,https://www.google.com/maps/search/?api=1&query=Eustis%20Roofing%20Company&query_place_id=ChIJw8juBRx554gR2sRlIy8rS48
"Extreme Florida Roofing, LLC.",(239) 651-7007,"2312 Bruner Ln, Fort Myers, FL 33912",,http://extremeflroofing.com/,SIN HTTPS (OBSOLETA),sin HTTPS (inseguro/viejo); no responsive (sin mobile); pagina casi vacia,Fort Myers,https://www.google.com/maps/search/?api=1&query=Extreme%20Florida%20Roofing%2C%20LLC.&query_place_id=ChIJZzLmB1kV24gRKgmKJ_SkW6c
Nast Roofing Co,(954) 271-9891,"138 W State Rd 84, Fort Lauderdale, FL 33315",,http://www.nastroofing.com/?utm_source=gbp&utm_medium=organic&utm_campaign=gbp-listing,SIN HTTPS (OBSOLETA),sin HTTPS (inseguro/viejo),Fort Lauderdale,https://www.google.com/maps/search/?api=1&query=Nast%20Roofing%20Co&query_place_id=ChIJy0x41HwA2YgRkpiCqKQ1BX8
Eastern Roofing Company,(904) 775-7663,"2002 San Marco Blvd Suite 200, Jacksonville, FL 32207",,http://www.easternroofing.com/?utm_campaign=gmb,SIN HTTPS (OBSOLETA),sin HTTPS (inseguro/viejo); no responsive (sin mobile); pagina casi vacia,Jacksonville,https://www.google.com/maps/search/?api=1&query=Eastern%20Roofing%20Company&query_place_id=ChIJTSMWiGu35YgRJMhMHSbVzVE
Southern Coast Roofing,(904) 356-7663,"2214 University Blvd W, Jacksonville, FL 32217",,http://www.southerncoastroofing.us/,SIN HTTPS (OBSOLETA),sin HTTPS (inseguro/viejo),Jacksonville,https://www.google.com/maps/search/?api=1&query=Southern%20Coast%20Roofing&query_place_id=ChIJz7rh70O25YgRNSW9cioapX8
Fort Lauderdale Roofing Repair contractor,(754) 335-0087,"215 SE 8th Ave, Fort Lauderdale, FL 33301",,http://fortlauderdaleroofingrepaircontractor.com/,SIN HTTPS (OBSOLETA),sin HTTPS (inseguro/viejo),Fort Lauderdale,https://www.google.com/maps/search/?api=1&query=Fort%20Lauderdale%20Roofing%20Repair%20contractor&query_place_id=ChIJGxfYFHkB2YgRxV3HCL73E6w
Rooftop Tech Inc,(954) 995-9985,"505 S 21st Ave, Hollywood, FL 33020",,http://www.rooftoptech.com/,SIN HTTPS (OBSOLETA),sin HTTPS (inseguro/viejo),Hollywood,https://www.google.com/maps/search/?api=1&query=Rooftop%20Tech%20Inc&query_place_id=ChIJDSIRqc-r2YgR5zMi1D0oaIQ
Pioneer Roofing Company,(954) 920-7688,"2026 Grant St, Hollywood, FL 33020",,http://www.pioneerroofingcompany.com/,SIN HTTPS (OBSOLETA),sin HTTPS (inseguro/viejo),Hollywood,https://www.google.com/maps/search/?api=1&query=Pioneer%20Roofing%20Company&query_place_id=ChIJXzBKh4-w2YgRiAftNJ2p8lc
Global Roofing Spec Inc.,(561) 914-6706,"2761 Ocean Club Blvd unit 207, Hollywood, FL 33019",,http://globalroofingspecinc.com/,SIN HTTPS (OBSOLETA),sin HTTPS (inseguro/viejo),Hollywood,https://www.google.com/maps/search/?api=1&query=Global%20Roofing%20Spec%20Inc.&query_place_id=ChIJW1h9kTOr2YgRN1wnQYVcL0I
Choice Roofing of Florida LLC,(772) 446-3108,"7434 S Federal Hwy, Port St. Lucie, FL 34952",,http://choiceroofingofflorida.com/,SIN HTTPS (OBSOLETA),sin HTTPS (inseguro/viejo),Port St. Lucie,https://www.google.com/maps/search/?api=1&query=Choice%20Roofing%20of%20Florida%20LLC&query_place_id=ChIJRywHJVDv3ogRGQkAFhbrCgM
Elite Daytona Beach Roofing Co.,(386) 229-4088,"1645 Illinois St, Daytona Beach, FL 32114",,http://elitedaytonabeachroofingco.com/,SIN HTTPS (OBSOLETA),sin HTTPS (inseguro/viejo),Daytona Beach,https://www.google.com/maps/search/?api=1&query=Elite%20Daytona%20Beach%20Roofing%20Co.&query_place_id=ChIJPQSInNzZ5ogRom5LXHUBgDc
"Universal Roofing, Inc.",(954) 923-5100,"2020 Thomas St, Hollywood, FL 33020",,http://www.universalroofinginc.com/,SIN HTTPS (OBSOLETA),sin HTTPS (inseguro/viejo); no responsive (sin mobile); pagina casi vacia,Hollywood,https://www.google.com/maps/search/?api=1&query=Universal%20Roofing%2C%20Inc.&query_place_id=ChIJYax8h6ur2YgRhZSbnaPrEyk
Whizzer LLC Home Improvement,(732) 682-1267,,,http://www.cgcbuild.com/,SIN HTTPS (OBSOLETA),sin HTTPS (inseguro/viejo),,https://www.google.com/maps/search/?api=1&query=Whizzer%20LLC%20Home%20Improvement&query_place_id=ChIJV4lNHyEmwokR7yj790BuN2E
Amick Roofing Inc,(941) 751-1231,"2108 60th Dr E, Bradenton, FL 34203",,http://www.amickroofing.com/,SIN HTTPS (OBSOLETA),sin HTTPS (inseguro/viejo),Bradenton,https://www.google.com/maps/search/?api=1&query=Amick%20Roofing%20Inc&query_place_id=ChIJVU6BAHM-w4gRBjdIVuhO5AY
Roofing by Curry,(941) 613-5637,"241 Interstate Ct, Sarasota, FL 34240",,http://roofingbycurry.com/,SIN HTTPS (OBSOLETA),sin HTTPS (inseguro/viejo),Sarasota,https://www.google.com/maps/search/?api=1&query=Roofing%20by%20Curry&query_place_id=ChIJYYWC0lJBw4gR9iaNeuT-8bg
AGM Roofing,(352) 622-2766,"6730 NW 1st Ave, Ocala, FL 34475",,http://agmroofing.com/,SIN HTTPS (OBSOLETA),sin HTTPS (inseguro/viejo); no responsive (sin mobile),Ocala,https://www.google.com/maps/search/?api=1&query=AGM%20Roofing&query_place_id=ChIJJ0ZvtvIr5ogRJ47CNgsjJk0
Scott Smith Roofing - Ocala,(352) 867-0044,"2105 NE 19th Ave, Ocala, FL 34470",,http://www.scottsmithroofing.com/?utm_source=Google&utm_medium=gbp&utm_campaign=webbutton,SIN HTTPS (OBSOLETA),sin HTTPS (inseguro/viejo),Ocala,https://www.google.com/maps/search/?api=1&query=Scott%20Smith%20Roofing%20-%20Ocala&query_place_id=ChIJPZlgeZUs5ogRrhoqD_9Ou20
"Florida Southern Roofing and SheetMetal, Inc.",(941) 491-0787,"6653 19th St E, Sarasota, FL 34243",,http://www.floridaroofing.com/,SIN HTTPS (OBSOLETA),sin HTTPS (inseguro/viejo),Sarasota,https://www.google.com/maps/search/?api=1&query=Florida%20Southern%20Roofing%20and%20SheetMetal%2C%20Inc.&query_place_id=ChIJz2SAz2o-w4gR-vxapACjr80
Doug Dunne Roofing Inc,(941) 401-8127,"2244 Abscott St, Port Charlotte, FL 33952",,http://roofingportcharlottefl.com/,SIN HTTPS (OBSOLETA),sin HTTPS (inseguro/viejo); no responsive (sin mobile),Port Charlotte,https://www.google.com/maps/search/?api=1&query=Doug%20Dunne%20Roofing%20Inc&query_place_id=ChIJM-ryi1io3IgR2z262Y1_idA
"Suncastle Roofing, Inc.",(941) 613-0322,"616 S Tamiami Trl Unit a, Port Charlotte, FL 33953",,http://www.suncastleroofing.com/,SIN HTTPS (OBSOLETA),sin HTTPS (inseguro/viejo),Port Charlotte,https://www.google.com/maps/search/?api=1&query=Suncastle%20Roofing%2C%20Inc.&query_place_id=ChIJwyI2eU-r3IgRPRGAvWW0OZE
Douglass Restoration Inc. - A Roofing Company,(941) 628-3115,"2221 S Tamiami Trl B, Port Charlotte, FL 33948",,http://www.driroofing.com/,SIN HTTPS (OBSOLETA),sin HTTPS (inseguro/viejo),Port Charlotte,https://www.google.com/maps/search/?api=1&query=Douglass%20Restoration%20Inc.%20-%20A%20Roofing%20Company&query_place_id=ChIJa6CuW8qp3IgRfhsRQ48Ffy4
Dunn Contracting Roofers in Pinellas,(727) 410-5717,"5580 63rd Way N, St. Petersburg, FL 33709",,http://www.dunncontracting.com/,SIN HTTPS (OBSOLETA),sin HTTPS (inseguro/viejo),St. Petersburg,https://www.google.com/maps/search/?api=1&query=Dunn%20Contracting%20Roofers%20in%20Pinellas&query_place_id=ChIJva587638wogRlR_kXbpYoKk
"Drew Roofing, LLC",(727) 522-3739,"600 49th St S, St. Petersburg, FL 33707",,http://drewroofing.com/,SIN HTTPS (OBSOLETA),sin HTTPS (inseguro/viejo),St. Petersburg,https://www.google.com/maps/search/?api=1&query=Drew%20Roofing%2C%20LLC&query_place_id=ChIJP9LJvL7kwogRH2My5aFma5k
RoofingCo of America,(727) 309-3344,"9414 International Ct N, St. Petersburg, FL 33716",,http://www.roofing.co/,SIN HTTPS (OBSOLETA),sin HTTPS (inseguro/viejo),St. Petersburg,https://www.google.com/maps/search/?api=1&query=RoofingCo%20of%20America&query_place_id=ChIJlz4_b2vjwogRjW3tWICg1dc
Albritton Roofing,(727) 822-1722,"2001 15th Ave N, St. Petersburg, FL 33713",,http://www.albrittonroofing.com/,SIN HTTPS (OBSOLETA),sin HTTPS (inseguro/viejo),St. Petersburg,https://www.google.com/maps/search/?api=1&query=Albritton%20Roofing&query_place_id=ChIJNV3l6c_jwogRIVEoar0nPtE
Premier Roofer West Palm Beach,(561) 726-7804,"1761 Australian Ave, West Palm Beach, FL 33404",,http://premierrooferwestpalmbeach.com/,SIN HTTPS (OBSOLETA),sin HTTPS (inseguro/viejo),West Palm Beach,https://www.google.com/maps/search/?api=1&query=Premier%20Roofer%20West%20Palm%20Beach&query_place_id=ChIJk2O9HlfV2IgRdcTx8Rk8AKw
Top Roofer West Palm Beach,(561) 786-0802,"1100 N Florida Mango Rd, West Palm Beach, FL 33409",,http://toprooferwestpalmbeach.com/,SIN HTTPS (OBSOLETA),sin HTTPS (inseguro/viejo),West Palm Beach,https://www.google.com/maps/search/?api=1&query=Top%20Roofer%20West%20Palm%20Beach&query_place_id=ChIJK3wRodAp2YgRbQCk9qxxQHQ
Complete Roofing Solutions Inc.,(561) 848-7663,"5678 N Military Trl, West Palm Beach, FL 33407",,http://www.my-roofer.com/,SIN HTTPS (OBSOLETA),sin HTTPS (inseguro/viejo),West Palm Beach,https://www.google.com/maps/search/?api=1&query=Complete%20Roofing%20Solutions%20Inc.&query_place_id=ChIJeYDFxBEt2YgRTsIk5GnkzIE
Altec Roofing,(561) 559-8117,"3134 45th St, West Palm Beach, FL 33407",,http://www.altecroofing.com/?utm_campaign=gmb,SIN HTTPS (OBSOLETA),sin HTTPS (inseguro/viejo),West Palm Beach,https://www.google.com/maps/search/?api=1&query=Altec%20Roofing&query_place_id=ChIJeQ86xv0p34gRs0Q2LDKYue4
DBS Roofing,(954) 947-7439,"8130 Glades Rd #337, Boca Raton, FL 33434",,http://www.dbsroofingcontractors.com/,SIN HTTPS (OBSOLETA),sin HTTPS (inseguro/viejo),Boca Raton,https://www.google.com/maps/search/?api=1&query=DBS%20Roofing&query_place_id=ChIJAy3pO5sb2YgRA-gjcqijgfc
Tampa Roof Repair LLC,(813) 413-5115,"13403 Arbor Pointe Cir, Tampa, FL 33617",,http://www.tamparoofrepair.com/,SIN HTTPS (OBSOLETA),sin HTTPS (inseguro/viejo),Tampa,https://www.google.com/maps/search/?api=1&query=Tampa%20Roof%20Repair%20LLC&query_place_id=ChIJw2Ll2WfHwogRZAgpb_WGp04
Statewide Roofing Partners LLC,(561) 468-3466,"1160 S Rogers Cir Ste 1, Boca Raton, FL 33487",,http://choosestatewide.com/,SIN HTTPS (OBSOLETA),sin HTTPS (inseguro/viejo),Boca Raton,https://www.google.com/maps/search/?api=1&query=Statewide%20Roofing%20Partners%20LLC&query_place_id=ChIJFR34me_V2IgR9uruWP3rOuQ
High Tower Roofing,(863) 334-3103,"5302 Florida Ave S Ste 208, Lakeland, FL 33813",,http://hightowerroofing.com/?utm_campaign=gmb,SIN HTTPS (OBSOLETA),sin HTTPS (inseguro/viejo),Lakeland,https://www.google.com/maps/search/?api=1&query=High%20Tower%20Roofing&query_place_id=ChIJ9Vxtdf073YgRlw_aFMY5a80
Crosier & Son Roofing,(352) 372-0200,"6721 NW 18th Dr, Gainesville, FL 32653",,http://www.crosierroofing.com/,SIN HTTPS (OBSOLETA),sin HTTPS (inseguro/viejo),Gainesville,https://www.google.com/maps/search/?api=1&query=Crosier%20%26%20Son%20Roofing&query_place_id=ChIJe-oxwku36IgROJud4ji1rcU
Dynasty Roofing LLC,(786) 935-7228,"1227 NW 29th St, Miami, FL 33142",,http://dynastyroofingllc.us/,SIN HTTPS (OBSOLETA),sin HTTPS (inseguro/viejo),Miami,https://www.google.com/maps/search/?api=1&query=Dynasty%20Roofing%20LLC&query_place_id=ChIJoef_hM-32YgRkwAdgBiDgSQ
North Wood's Roofing Inc.,(352) 554-4932,"4577 NW 6th St, Gainesville, FL 32609",,http://northwoodsroofing.com/,SIN HTTPS (OBSOLETA),sin HTTPS (inseguro/viejo),Gainesville,https://www.google.com/maps/search/?api=1&query=North%20Wood%27s%20Roofing%20Inc.&query_place_id=ChIJ_9eA0jCl6IgRlBa0kftt6LM
Musick Roofing,(863) 904-5350,"3600 County Line Rd, Lakeland, FL 33811",,http://www.musickroofing.com/,SIN HTTPS (OBSOLETA),sin HTTPS (inseguro/viejo),Lakeland,https://www.google.com/maps/search/?api=1&query=Musick%20Roofing&query_place_id=ChIJX7-Mp6Y53YgRkDtPny6-kxc
Fortress Roofing Inc,(727) 230-8848,"2409 4th Ave N, St. Petersburg, FL 33713",,http://www.fortressroofinginc.com/,SIN HTTPS (OBSOLETA),sin HTTPS (inseguro/viejo); no responsive (sin mobile); pagina casi vacia,St. Petersburg,https://www.google.com/maps/search/?api=1&query=Fortress%20Roofing%20Inc&query_place_id=ChIJlYnpwTTiwogRE0GXF4P-Alo
"Emerald Roofing, Inc.",(305) 637-1659,"3325 NW 53rd St, Miami, FL 33142",,http://emeraldroofinginc.com/,SIN HTTPS (OBSOLETA),sin HTTPS (inseguro/viejo),Miami,https://www.google.com/maps/search/?api=1&query=Emerald%20Roofing%2C%20Inc.&query_place_id=ChIJd5jC_caw2YgRhgCzHBVijYY
Build Masters | Roof Masters,,"2420 NW 1st Ave, Boca Raton, FL 33431",,http://www.roofmasters.us/,SIN HTTPS (OBSOLETA),sin HTTPS (inseguro/viejo),Boca Raton,https://www.google.com/maps/search/?api=1&query=Build%20Masters%20%7C%20Roof%20Masters&query_place_id=ChIJ16wtDqME2YgR7Kuf_pqXQ7k
Coastal Roofing Solutions,(850) 597-9478,"2625 Mahan Dr, Tallahassee, FL 32308",,http://www.coastalroofingsolutions.com/,SIN HTTPS (OBSOLETA),sin HTTPS (inseguro/viejo),Tallahassee,https://www.google.com/maps/search/?api=1&query=Coastal%20Roofing%20Solutions&query_place_id=ChIJObdsutl97IgRamFDHj3SXJM
Topline Roofers Port Charlotte,(941) 267-0548,"3792 S Tamiami Trl, Port Charlotte, FL 33952",,http://roofersportcharlotte.com/,SIN HTTPS (OBSOLETA),sin HTTPS (inseguro/viejo),Port Charlotte,https://www.google.com/maps/search/?api=1&query=Topline%20Roofers%20Port%20Charlotte&query_place_id=ChIJ07EXetlftyURxlS2R8FhQLM
"Rooftop Roofing, Inc",(720) 296-3492,"108 Escalona Ave, Pensacola, FL 32503",,http://rooftoproofing.com/,SIN HTTPS (OBSOLETA),sin HTTPS (inseguro/viejo); no responsive (sin mobile); pagina casi vacia,Pensacola,https://www.google.com/maps/search/?api=1&query=Rooftop%20Roofing%2C%20Inc&query_place_id=ChIJfUeWZBjBkIgRzkC8INmER40
"Thomas Roofing Solutions, LLC",(850) 401-7663,"5530 Saufley Field Rd, Pensacola, FL 32526",,http://www.thomasroofingsolutions.net/,SIN HTTPS (OBSOLETA),sin HTTPS (inseguro/viejo); no responsive (sin mobile); pagina casi vacia,Pensacola,https://www.google.com/maps/search/?api=1&query=Thomas%20Roofing%20Solutions%2C%20LLC&query_place_id=ChIJ6U3pXcaXkIgR8Ckgpfw0bH4
Top Notch Roofing Partner Kissimmee,(689) 252-6315,"111 E Monument Ave Ste 401 20, Kissimmee, FL 34741",,http://topnotchroofingpartnerkissimmee.com/,SIN HTTPS (OBSOLETA),sin HTTPS (inseguro/viejo),Kissimmee,https://www.google.com/maps/search/?api=1&query=Top%20Notch%20Roofing%20Partner%20Kissimmee&query_place_id=ChIJ27wKc4mF3YgRv9sOIFvoZxM
Trademark Restoration Inc,(239) 984-2257,"4403 SE 16th Pl Unit 2, Cape Coral, FL 33904",,http://www.trademarkrestorationinc.com/,SIN HTTPS (OBSOLETA),sin HTTPS (inseguro/viejo),Cape Coral,https://www.google.com/maps/search/?api=1&query=Trademark%20Restoration%20Inc&query_place_id=ChIJv1Le76QU24gRbUKFOmnq4Uo
Smith Roofing and Repair Inc.,(850) 536-3149,"6949 Grenville Rd, Tallahassee, FL 32309",,http://smith-roofing.com/,SIN HTTPS (OBSOLETA),sin HTTPS (inseguro/viejo),Tallahassee,https://www.google.com/maps/search/?api=1&query=Smith%20Roofing%20and%20Repair%20Inc.&query_place_id=ChIJU6inXeFY7IgRTQMAT3zO3B0
James & Sons Roofing,(321) 321-7661,"316 John Young Pkwy 27 STE 27, Kissimmee, FL 34741",,http://jamesandsonsroofing.cc/,SIN HTTPS (OBSOLETA),sin HTTPS (inseguro/viejo),Kissimmee,https://www.google.com/maps/search/?api=1&query=James%20%26%20Sons%20Roofing&query_place_id=ChIJP9ag2o-F3YgRsyVExJfNDK0
Best Kissimmee Roofing,(321) 321-2004,"5245 W Irlo Bronson Memorial Hwy 5 #5, Kissimmee, FL 34746",,http://kissimmeeroofing.top/,SIN HTTPS (OBSOLETA),sin HTTPS (inseguro/viejo),Kissimmee,https://www.google.com/maps/search/?api=1&query=Best%20Kissimmee%20Roofing&query_place_id=ChIJfZkbxeiB3YgRmN2IHulkPKM
Johnson Building Group Roofing,(407) 439-7663,,,http://www.jbgroofing.com/,SIN HTTPS (OBSOLETA),sin HTTPS (inseguro/viejo),,https://www.google.com/maps/search/?api=1&query=Johnson%20Building%20Group%20Roofing&query_place_id=ChIJjfuEdUaF3YgRdDlnmwMWqzg
Deluxe Roof Repair,(689) 888-7897,"1633 E Vine St 203 Suite 203, Kissimmee, FL 34744",,http://kissimmeeroofrepair.top/,SIN HTTPS (OBSOLETA),sin HTTPS (inseguro/viejo),Kissimmee,https://www.google.com/maps/search/?api=1&query=Deluxe%20Roof%20Repair&query_place_id=ChIJ2XrFFgqF3YgRFBq6Ecv1bWU
Robert & Sons Kissimmee Roofing,(321) 321-4406,"1101 Miranda Ln 133 #133, Kissimmee, FL 34741",,http://kissimmeeroofrepair.cc/,SIN HTTPS (OBSOLETA),sin HTTPS (inseguro/viejo),Kissimmee,https://www.google.com/maps/search/?api=1&query=Robert%20%26%20Sons%20Kissimmee%20Roofing&query_place_id=ChIJxVTozZeH3YgRFUJrQ--M8YU
ROOFING NATION LLC ROOFING CONTRACTOR,(305) 249-1011,"10830 NW 138th St unit 1, Hialeah Gardens, FL 33018",,http://www.roofing-nation.com/,SIN HTTPS (OBSOLETA),sin HTTPS (inseguro/viejo),Hialeah Gardens,https://www.google.com/maps/search/?api=1&query=ROOFING%20NATION%20LLC%20ROOFING%20CONTRACTOR&query_place_id=ChIJY5CLWWS92YgRVh0bLoOaXBo
"Z Roofing & Waterproofing, Inc.",(305) 623-7663,"7709 W 20th Ave, Hialeah, FL 33014",,http://zroofing.com/,SIN HTTPS (OBSOLETA),sin HTTPS (inseguro/viejo),Hialeah,https://www.google.com/maps/search/?api=1&query=Z%20Roofing%20%26%20Waterproofing%2C%20Inc.&query_place_id=ChIJD8vo8W-62YgRyHhOzq9gYHs
Roman Roofing Inc,(239) 458-7663,"921 NE 27th Ln, Cape Coral, FL 33909",,http://romanroofing.com/,SIN HTTPS (OBSOLETA),sin HTTPS (inseguro/viejo),Cape Coral,https://www.google.com/maps/search/?api=1&query=Roman%20Roofing%20Inc&query_place_id=ChIJnYubBwFE24gRLqBlPNum-W0
"Cape Haze Roof Pro, LLC",(941) 525-6100,"8442 Agate St, Port Charlotte, FL 33981",,http://www.capehazeroof.com/,SIN HTTPS (OBSOLETA),sin HTTPS (inseguro/viejo),Port Charlotte,https://www.google.com/maps/search/?api=1&query=Cape%20Haze%20Roof%20Pro%2C%20LLC&query_place_id=ChIJj-CcnyGrxIgRsYmLKJ1UCmU
All Pro Roofing Group,(786) 891-4117,"2160 W 10th Ave, Hialeah, FL 33010",,http://www.allproroofinggroup.com/,SIN HTTPS (OBSOLETA),sin HTTPS (inseguro/viejo),Hialeah,https://www.google.com/maps/search/?api=1&query=All%20Pro%20Roofing%20Group&query_place_id=ChIJ8-u1tDy72YgRdfvjadg_AQM
Weatherproof Roofing Company,(727) 461-7663,,,http://www.weatherprooftampa.com/,SIN HTTPS (OBSOLETA),sin HTTPS (inseguro/viejo); no responsive (sin mobile); pagina casi vacia,,https://www.google.com/maps/search/?api=1&query=Weatherproof%20Roofing%20Company&query_place_id=ChIJb5SCw57wwogRIiNy7BBTUoQ
Atlantis Roofing of Naples,(239) 353-2800,"4392 Corporate Square #2, Naples, FL 34104",,http://atlantisroofingofnaples.com/,SIN HTTPS (OBSOLETA),sin HTTPS (inseguro/viejo),Naples,https://www.google.com/maps/search/?api=1&query=Atlantis%20Roofing%20of%20Naples&query_place_id=ChIJJ3vOuw4d24gRZvkViZhaqXs
"Dean Wilson Roofing, INC.",(239) 440-2504,"3539 Malaga Way, Naples, FL 34105",,http://www.roofingcompanyinnaplesfl.com/,SIN HTTPS (OBSOLETA),sin HTTPS (inseguro/viejo),Naples,https://www.google.com/maps/search/?api=1&query=Dean%20Wilson%20Roofing%2C%20INC.&query_place_id=ChIJw14JnArxwogRFx5PZcfN3VM
Carroll Bradford Roofing,(407) 647-9420,"1310 E Robinson St, Orlando, FL 32801",,https://cbroofing.com/,FUNCIONAL,DOMINIO EN VENTA / PARKING,Orlando,https://www.google.com/maps/search/?api=1&query=Carroll%20Bradford%20Roofing&query_place_id=ChIJEeRLYhpw54gRDlQAa8f-xME
