Nombre de la empresa,Número de teléfono,Dirección de la empresa,Correo electrónico oficial,Sitio web,Estado del sitio web,Prioridad de venta,Diagnóstico de la web,Ciudad,Ficha Google Maps
AM Roofing Company,(214) 980-4366,"5641 SMU Boulevard #106, Dallas, TX 75206",info@amroofingcompany.com,https://amroofingcompany.com/?utm_source=Google_Maps&utm_medium=Website_Link-Click&utm_campaign=Google_Maps_Visits,OBSOLETA/mala,ALTA (deficiencia técnica),no responsive (sin mobile); página casi vacía,Dallas,https://www.google.com/maps/search/?api=1&query=AM%20Roofing%20Company&query_place_id=ChIJ7TFUP4ycToYRBKMY3CC9oLE
HBC Roofing,(956) 401-8025,"2319 San Dario Ave, Laredo, TX 78040",hbcroofing@outlook.com,https://hbcroofing.us/,OBSOLETA/mala,ALTA (deficiencia técnica),no responsive (sin mobile),Laredo,https://www.google.com/maps/search/?api=1&query=HBC%20Roofing&query_place_id=ChIJa1VFop0hYYYRSjkoE87Vjfk
Sunset Roofers,(956) 307-6123,"1701 Jacaman Rd Suite RB2B, Laredo, TX 78041",estimates@sunsetroofers.com,http://sunsetroofers.com/,OBSOLETA/mala,ALTA (deficiencia técnica),sin HTTPS,Laredo,https://www.google.com/maps/search/?api=1&query=Sunset%20Roofers&query_place_id=ChIJKd3axlk8YYYRZFUz_eTFIZM
Ideal Precision Roofing & Exteriors LLC,(210) 485-1553,"10634 Gulfdale St Ste 1, San Antonio, TX 78216",michael@idealroofer.com,http://www.idealprecisionroofing.com/,OBSOLETA/mala,ALTA (deficiencia técnica),sin HTTPS; no responsive (sin mobile); página casi vacía,San Antonio,https://www.google.com/maps/search/?api=1&query=Ideal%20Precision%20Roofing%20%26%20Exteriors%20LLC&query_place_id=ChIJYYpcdABiXIYRj-H5SWqQsDs
Martinez Roofing 254 LLC,(254) 690-5811,,martinezroofing254@yahoo.com,https://martinezroofing254.com/,OBSOLETA/mala,MEDIA (web sin actualizar),sin contenido reciente (último año 2020),,https://www.google.com/maps/search/?api=1&query=Martinez%20Roofing%20254%20LLC&query_place_id=ChIJZUSBdWBJRYYR8M2OrV_5ml8
Roofing On Demand,(409) 965-5555,"2050 N 11th St, Beaumont, TX 77703",info@roofingondemand.com,http://roofingondemand.com/,OBSOLETA/mala,MEDIA (web sin actualizar),sin contenido reciente (último año 2019),Beaumont,https://www.google.com/maps/search/?api=1&query=Roofing%20On%20Demand&query_place_id=ChIJGQ33xcQ1OYYRBuiJwa1_ReA
Texas Coastal Roofing and Construction LLC,(361) 332-1263,"730 Diamond Cut Dr Ste D, Corpus Christi, TX 78409",texascoastalroofing@gmail.com,http://www.texascoastalroofingandconstruction.com/,OBSOLETA/mala,MEDIA (web sin actualizar),sin contenido reciente (último año 2020),Corpus Christi,https://www.google.com/maps/search/?api=1&query=Texas%20Coastal%20Roofing%20and%20Construction%20LLC&query_place_id=ChIJI8kGFWn3aIYRvJwFe8g-9yo
Reveles Roofing,(214) 900-8930,"5101 Parry Ave, Dallas, TX 75223",info@revelesroofing.com,http://www.revelesroofing.com/,OBSOLETA/mala,MEDIA (web sin actualizar),sin contenido reciente (último año 2021),Dallas,https://www.google.com/maps/search/?api=1&query=Reveles%20Roofing&query_place_id=ChIJJ6vOPKSYToYRbZ2os-UKpEE
FSR Services,(281) 984-5032,"7018 Bender Rd, Humble, TX 77396",info@fsrservices.com,https://www.fsrservices.com/roofing-humble-tx/,OBSOLETA/mala,MEDIA (web sin actualizar),sin contenido reciente (último año 2000),Humble,https://www.google.com/maps/search/?api=1&query=FSR%20Services&query_place_id=ChIJn5yOxWysQIYRNLC2p8ef6F8
Next Level Roofing,(956) 771-8491,"1312 Houston St ste 43, Laredo, TX 78040",victor@nextlevelroofingtx.com,https://www.nextlevelroofingtx.com/,OBSOLETA/mala,MEDIA (web sin actualizar),sin contenido reciente (último año 2000),Laredo,https://www.google.com/maps/search/?api=1&query=Next%20Level%20Roofing&query_place_id=ChIJsS72cCUhYYYR9rfvF7P2kdI
